,SalePrice,LotFrontage,LotArea,TotalBsmtSF,BsmtUnfSF,1stFlrSF,2ndFlrSF,LowQualFinSF,GrLivArea,FullBath,HalfBath,BedroomAbvGr,KitchenAbvGr,TotRmsAbvGrd,GarageArea,GarageCars,MoSold,YrSold,YearBuilt,PoolArea
0,208500,65.0,8450,856,150,856,854,0,1710,2,1,3,1,8,548,2,2,2008,2003,0
1,181500,80.0,9600,1262,284,1262,0,0,1262,2,0,3,1,6,460,2,5,2007,1976,0
3,140000,60.0,9550,756,540,961,756,0,1717,1,0,3,1,7,642,3,2,2006,1915,0
4,250000,84.0,14260,1145,490,1145,1053,0,2198,2,1,4,1,9,836,3,12,2008,2000,0
6,307000,75.0,10084,1686,317,1694,0,0,1694,2,0,3,1,7,636,2,8,2007,2004,0
10,129500,70.0,11200,1040,134,1040,0,0,1040,1,0,3,1,5,384,1,2,2008,1965,0
11,345000,85.0,11924,1175,177,1182,1142,0,2324,3,0,4,1,11,736,3,7,2006,2005,0
13,279500,91.0,10652,1494,1494,1494,0,0,1494,2,0,3,1,7,840,3,8,2007,2006,0
14,157000,,10920,1253,520,1253,0,0,1253,1,1,2,1,5,352,1,5,2008,1960,0
15,132000,51.0,6120,832,832,854,0,0,854,1,0,2,1,5,576,2,7,2007,1929,0
16,149000,,11241,1004,426,1004,0,0,1004,1,0,2,1,5,480,2,3,2010,1970,0
17,90000,72.0,10791,0,0,1296,0,0,1296,2,0,2,2,6,516,2,10,2006,1967,0
19,139000,70.0,7560,1029,525,1339,0,0,1339,1,0,3,1,6,294,1,5,2009,1958,0
22,230000,75.0,9742,1777,1777,1795,0,0,1795,2,0,3,1,7,534,2,9,2008,2002,0
23,129900,44.0,4224,1040,200,1060,0,0,1060,1,0,3,1,6,572,2,6,2007,1976,0
25,256300,110.0,14230,1566,1566,1600,0,0,1600,2,0,3,1,7,890,3,7,2009,2007,0
27,306000,98.0,11478,1704,486,1704,0,0,1704,2,0,3,1,7,772,3,5,2010,2007,0
28,207500,47.0,16321,1484,207,1600,0,0,1600,1,0,2,1,6,319,1,12,2006,1957,0
29,68500,60.0,6324,520,520,520,0,0,520,1,0,1,1,4,240,1,5,2008,1927,0
30,40000,50.0,8500,649,649,649,668,0,1317,1,0,3,1,6,250,1,7,2008,1920,0
33,165500,70.0,10552,1398,380,1700,0,0,1700,1,1,4,1,6,447,2,4,2010,1959,0
34,277500,60.0,7313,1561,408,1561,0,0,1561,2,0,2,1,6,556,2,8,2007,2005,0
36,145000,112.0,10859,1097,1097,1097,0,0,1097,1,1,3,1,6,672,2,6,2009,1994,0
37,153000,74.0,8532,1297,84,1297,0,0,1297,1,0,3,1,5,498,2,10,2009,1954,0
39,82000,65.0,6040,0,0,1152,0,0,1152,2,0,2,2,6,0,0,6,2008,1955,0
41,170000,115.0,16905,1350,383,1328,0,0,1328,1,1,2,1,5,308,1,7,2007,1959,0
43,130250,,9200,938,167,938,0,0,938,1,0,3,1,5,308,1,7,2008,1975,0
44,141000,70.0,7945,1150,465,1150,0,0,1150,1,0,3,1,6,300,1,5,2006,1959,0
45,319900,61.0,7658,1752,1296,1752,0,0,1752,2,0,2,1,6,576,2,2,2010,2005,0
46,239686,48.0,12822,1434,83,1518,631,0,2149,1,1,1,1,6,670,2,8,2009,2003,0
47,249700,84.0,11096,1656,1632,1656,0,0,1656,2,0,3,1,7,826,3,7,2007,2006,0
48,113000,33.0,4456,736,736,736,716,0,1452,2,0,2,3,8,0,0,6,2009,1920,0
49,127000,66.0,7742,955,192,955,0,0,955,1,0,3,1,6,386,1,1,2007,1966,0
50,177000,,13869,794,612,794,676,0,1470,2,0,3,1,6,388,2,7,2007,1997,0
51,114500,52.0,6240,816,816,816,0,360,1176,1,0,3,1,6,528,2,9,2006,1934,0
52,110000,110.0,8472,816,0,816,0,0,816,1,0,2,1,5,516,2,5,2010,1963,0
53,385000,68.0,50271,1842,32,1842,0,0,1842,0,1,0,1,5,894,3,11,2006,1981,0
55,180500,100.0,10175,1425,935,1425,0,0,1425,2,0,3,1,7,576,2,7,2008,1964,0
57,196500,89.0,11645,860,860,860,860,0,1720,2,1,3,1,7,565,2,8,2006,2004,0
58,438780,66.0,13682,1410,1410,1426,1519,0,2945,3,1,3,1,10,641,3,10,2006,2006,0
59,124900,60.0,7200,780,148,780,0,0,780,1,0,2,1,4,352,1,1,2008,1972,0
60,158000,63.0,13072,1158,217,1158,0,0,1158,1,1,3,1,5,576,2,5,2006,2004,0
61,101000,60.0,7200,530,530,581,530,0,1111,1,0,3,1,6,288,1,3,2007,1920,0
62,202500,44.0,6442,1370,1346,1370,0,0,1370,2,0,2,1,6,484,2,10,2007,2006,0
63,140000,50.0,10300,576,576,902,808,0,1710,2,0,3,1,9,480,2,4,2010,1921,0
64,219500,,9375,1057,318,1057,977,0,2034,2,1,3,1,8,645,2,2,2009,1997,0
66,180000,,19900,1947,1035,2207,0,0,2207,2,0,3,1,7,576,2,7,2010,1970,0
67,226000,72.0,10665,1453,440,1479,0,0,1479,2,0,3,1,7,558,2,6,2007,2003,0
68,80000,47.0,4608,747,747,747,0,0,747,1,0,2,1,4,220,1,6,2010,1945,0
69,225000,81.0,15593,1304,701,1304,983,0,2287,2,0,3,1,7,667,2,7,2006,1953,0
70,244000,95.0,13651,2223,343,2223,0,0,2223,2,0,3,1,8,516,2,2,2007,1973,0
71,129500,69.0,7599,845,280,845,0,0,845,1,0,2,1,4,360,2,6,2007,1982,0
72,185000,74.0,10141,832,832,885,833,0,1718,2,1,3,1,7,427,2,12,2009,1998,0
73,144900,85.0,10200,1086,404,1086,0,0,1086,1,0,3,1,6,490,2,5,2010,1954,0
75,91000,21.0,1596,462,0,526,462,0,988,1,0,2,1,5,297,1,11,2009,1973,0
77,127000,50.0,8635,672,295,1072,213,0,1285,1,0,2,1,6,240,1,1,2008,1948,0
78,136500,72.0,10778,1768,1768,1768,0,0,1768,2,0,4,2,8,0,0,4,2010,1968,0
80,193500,100.0,13000,896,448,1182,960,0,2142,2,1,4,1,8,509,1,6,2009,1968,0
81,153500,32.0,4500,1237,36,1337,0,0,1337,2,0,2,1,5,405,2,3,2006,1998,0
82,245000,78.0,10206,1563,1530,1563,0,0,1563,2,0,3,1,6,758,3,10,2008,2007,0
84,168500,,8530,384,384,804,670,0,1474,2,1,3,1,7,400,2,5,2009,1995,0
86,174000,122.0,11911,684,684,684,876,0,1560,2,1,3,1,6,400,2,3,2009,2005,0
88,85000,105.0,8470,1013,1013,1013,0,513,1526,1,0,2,1,6,0,0,10,2009,1915,0
89,123600,60.0,8070,990,402,990,0,0,990,1,0,3,1,5,0,0,8,2007,1994,0
90,109900,60.0,7200,0,0,1040,0,0,1040,1,0,2,1,4,420,2,7,2006,1950,0
91,98600,85.0,8500,1235,635,1235,0,0,1235,1,0,2,1,6,480,2,12,2006,1961,0
92,163500,80.0,13360,876,163,964,0,0,964,1,0,2,1,5,432,2,8,2009,1921,0
93,133900,60.0,7200,1214,168,1260,1031,0,2291,2,0,4,2,9,506,2,11,2007,1910,0
94,204750,69.0,9337,824,176,905,881,0,1786,2,1,3,1,7,684,2,5,2007,1997,0
95,185000,,9765,680,370,680,790,0,1470,2,1,3,1,6,420,2,4,2009,1993,0
96,214000,78.0,10264,1588,426,1588,0,0,1588,2,0,3,1,6,472,2,8,2006,1999,0
97,94750,73.0,10921,960,440,960,0,0,960,1,0,3,1,6,432,1,5,2007,1965,0
98,83000,85.0,10625,458,350,835,0,0,835,1,0,2,1,5,366,1,5,2010,1920,0
99,128950,77.0,9320,950,381,1225,0,0,1225,1,1,3,1,6,0,0,1,2010,1959,0
101,178000,77.0,9206,741,741,977,755,0,1732,2,1,3,1,7,476,2,6,2010,1985,0
102,118964,64.0,7018,0,0,1535,0,0,1535,2,0,4,2,8,410,2,6,2009,1979,0
103,198900,94.0,10402,1226,1226,1226,0,0,1226,2,0,3,1,6,740,3,5,2010,2009,0
104,169500,,7758,1040,816,1226,592,0,1818,1,1,4,1,7,240,1,6,2007,1931,0
106,100000,60.0,10800,641,641,1047,0,0,1047,1,0,2,1,6,273,1,8,2007,1885,0
107,115000,50.0,6000,789,516,789,0,0,789,1,0,2,1,5,250,1,4,2008,1948,0
109,190000,105.0,11751,1844,1139,1844,0,0,1844,2,0,3,1,7,546,2,1,2010,1977,0
110,136900,75.0,9525,994,550,1216,639,0,1855,2,0,4,1,7,325,1,10,2006,1954,0
111,180000,,7750,384,134,774,656,0,1430,2,1,3,1,7,400,2,4,2010,2000,0
114,259500,61.0,7259,1028,104,1436,884,0,2320,2,1,3,1,9,180,1,7,2007,1945,0
115,176000,34.0,3230,729,310,729,729,0,1458,2,1,2,1,5,440,2,6,2007,1999,0
116,139000,,11616,1092,252,1092,0,0,1092,1,0,3,1,6,288,1,9,2009,1962,0
117,155000,74.0,8536,1125,1125,1125,0,0,1125,1,1,2,1,5,430,2,4,2007,2006,0
118,320000,90.0,12376,1673,203,1699,1523,0,3222,3,0,5,1,11,594,3,5,2010,1990,0
122,136000,75.0,9464,1080,510,1080,0,0,1080,1,0,3,1,5,288,1,6,2008,1958,0
123,153900,55.0,7892,1199,899,1199,0,0,1199,2,0,2,1,5,530,2,3,2008,1993,0
125,84500,60.0,6780,520,30,520,0,234,754,1,0,2,1,5,0,0,6,2006,1935,0
126,128000,,4928,1078,958,958,0,0,958,2,0,2,1,5,440,2,2,2007,1976,0
127,87000,55.0,4388,672,556,840,0,0,840,1,0,3,1,5,0,0,6,2007,1930,0
129,150000,69.0,8973,1008,413,1053,0,0,1053,1,1,3,1,6,750,2,7,2006,1958,0
131,244000,,12224,992,297,1022,1032,0,2054,2,1,3,1,7,390,2,7,2009,2000,0
134,180000,78.0,10335,1461,891,1721,0,0,1721,2,1,3,1,7,440,2,7,2006,1968,0
136,143000,,10355,1214,519,1214,0,0,1214,2,0,3,1,5,318,1,7,2007,1967,0
137,171000,82.0,11070,1907,1907,1959,0,0,1959,3,0,5,2,9,766,3,7,2006,1988,0
138,230000,73.0,9066,1004,336,1004,848,0,1852,2,1,3,1,7,660,3,12,2008,1999,0
139,231500,65.0,15426,928,107,928,836,0,1764,2,1,3,1,7,470,2,8,2009,1997,0
143,204000,78.0,10335,1490,811,1501,0,0,1501,2,0,3,1,6,577,2,6,2009,1999,0
145,130000,24.0,2522,970,970,970,739,0,1709,2,0,3,1,7,380,2,4,2006,2004,0
146,105000,51.0,6120,715,506,875,0,0,875,1,0,2,1,5,180,1,11,2009,1931,0
148,141000,63.0,7500,1080,400,1080,0,0,1080,1,0,3,1,6,0,0,4,2008,2004,0
149,115000,,6240,896,896,896,448,0,1344,1,0,3,1,7,240,1,4,2006,1936,0
150,122000,120.0,10356,969,253,969,0,0,969,1,1,3,1,5,440,2,1,2007,1975,0
151,372402,107.0,13891,1710,310,1710,0,0,1710,2,0,2,1,6,866,3,1,2008,2007,0
154,125000,84.0,11340,1200,1200,1200,0,0,1200,1,0,4,1,7,312,1,3,2006,1923,0
157,269500,92.0,12003,774,774,774,1194,0,1968,2,1,4,1,8,680,3,5,2010,2009,0
158,254900,100.0,12552,991,769,991,956,0,1947,2,1,3,1,8,678,2,5,2010,2004,0
160,162500,,11120,1232,572,1232,0,0,1232,2,0,3,1,6,516,2,6,2008,1984,0
161,412500,110.0,13688,1572,556,1572,1096,0,2668,2,1,3,1,10,726,3,3,2008,2003,0
162,220000,95.0,12182,1541,340,1541,0,0,1541,2,0,3,1,7,532,2,5,2010,2005,0
164,152000,40.0,5400,1149,779,1149,467,0,1616,2,0,3,1,5,216,1,10,2007,1926,0
165,127500,62.0,10106,644,112,808,547,0,1355,2,0,4,2,6,0,0,9,2008,1940,0
166,190000,,10708,1617,470,1867,0,0,1867,1,0,2,1,7,303,1,11,2009,1955,0
168,183500,62.0,8244,840,840,840,880,0,1720,2,1,3,1,7,440,2,5,2007,2004,0
169,228000,,16669,1686,1686,1707,0,0,1707,2,1,2,1,6,511,2,1,2006,1981,0
172,239000,44.0,5306,1064,354,1064,703,0,1767,2,0,2,1,5,504,2,6,2006,1987,0
173,163000,80.0,10197,1362,700,1362,0,0,1362,1,1,3,1,6,504,2,6,2008,1961,0
174,184000,47.0,12416,1606,0,1651,0,0,1651,2,0,3,1,7,616,2,11,2008,1986,0
175,243000,84.0,12615,1202,725,2158,0,0,2158,2,0,4,1,7,576,2,6,2007,1950,0
176,211000,97.0,10029,1151,320,1164,896,0,2060,2,1,4,1,8,521,2,9,2007,1988,0
177,172500,,13650,1052,554,1252,668,0,1920,2,0,4,1,8,451,2,7,2006,1958,0
178,501837,63.0,17423,2216,312,2234,0,0,2234,2,0,1,1,9,1166,3,7,2009,2008,0
179,100000,60.0,8520,968,968,968,0,0,968,1,0,2,1,5,480,2,7,2007,1923,0
180,177000,,2117,756,320,769,756,0,1525,2,1,3,1,5,440,2,6,2007,2000,0
181,200100,54.0,7588,793,441,901,901,0,1802,1,1,4,1,9,216,1,7,2006,1920,0
182,120000,60.0,9060,0,0,1340,0,0,1340,1,0,3,1,7,252,1,6,2007,1957,0
183,200000,63.0,11426,1362,1362,1362,720,0,2082,2,1,3,1,6,484,2,6,2008,2003,0
185,475000,90.0,22950,1107,1107,1518,1518,572,3608,2,1,4,1,12,840,3,6,2006,1892,0
186,173000,,9947,1188,577,1217,0,0,1217,2,0,3,1,6,497,2,6,2009,1990,0
187,135000,60.0,10410,660,660,808,704,144,1656,2,1,3,1,8,180,1,8,2009,1916,0
188,153337,64.0,7018,1086,0,1224,0,0,1224,0,2,2,2,6,528,2,6,2009,1979,0
190,315000,70.0,10570,853,556,1549,1178,0,2727,2,1,3,1,10,440,2,12,2007,1932,0
191,184000,,7472,725,99,725,754,0,1479,1,1,4,1,7,484,2,6,2007,1972,0
193,130000,24.0,2522,970,970,970,739,0,1709,2,0,3,1,7,380,2,5,2006,2004,0
194,127000,60.0,7180,864,474,864,0,0,864,1,0,3,1,5,352,1,5,2008,1972,0
195,148500,24.0,2280,855,289,855,601,0,1456,2,1,3,1,7,440,2,7,2009,1976,0
196,311872,79.0,9416,1726,600,1726,0,0,1726,2,0,3,1,8,786,3,9,2007,2007,0
197,235000,174.0,25419,1360,140,1360,1360,392,3112,2,0,4,1,8,795,2,3,2006,1918,512
198,104000,92.0,5520,755,755,929,929,371,2229,1,0,5,1,8,0,0,7,2009,1912,0
199,274900,76.0,9591,1713,625,1713,0,0,1713,2,0,3,1,7,856,3,1,2009,2004,0
200,140000,80.0,8546,1121,1121,1121,0,0,1121,2,0,2,1,5,440,2,3,2010,2003,0
201,171500,75.0,10125,1196,276,1279,0,0,1279,2,0,3,1,6,473,2,2,2008,1977,0
202,112000,50.0,7000,617,0,865,445,0,1310,2,0,2,1,6,398,1,5,2006,1924,0
203,149000,,4438,848,186,848,0,0,848,1,0,1,1,3,420,2,1,2008,2004,0
204,110000,50.0,3500,720,408,720,564,0,1284,1,1,2,1,5,240,1,4,2009,1947,0
207,141000,,12493,1100,375,1100,0,0,1100,1,0,3,1,6,312,1,4,2008,1960,0
211,186000,83.0,10420,1212,1176,1212,0,0,1212,2,0,3,1,6,460,2,3,2010,2009,0
212,252678,72.0,8640,900,78,932,920,0,1852,2,1,3,1,7,644,2,7,2009,2009,0
215,134450,72.0,10011,1070,710,1236,0,0,1236,1,0,2,1,6,447,1,5,2006,1957,0
216,210000,65.0,8450,1436,490,1436,0,0,1436,2,0,3,1,8,484,2,4,2008,2004,0
217,107000,57.0,9906,686,686,810,518,0,1328,1,0,3,1,8,210,1,9,2006,1925,0
218,311500,,15660,798,457,1137,817,0,1954,1,1,3,1,8,431,2,5,2008,1939,0
219,167240,43.0,3010,1248,1232,1248,0,0,1248,2,0,2,1,5,438,2,3,2006,2005,0
220,204900,73.0,8990,1498,1498,1498,0,0,1498,2,0,2,1,5,675,2,4,2006,2006,0
221,200000,,8068,1010,1010,1010,1257,0,2267,2,1,4,1,8,390,2,12,2009,2002,0
222,179900,85.0,11475,713,163,811,741,0,1552,2,1,3,1,6,434,2,2,2006,1975,0
225,112000,21.0,1680,630,630,630,672,0,1302,2,1,3,1,6,280,1,5,2009,1971,0
228,125000,70.0,8521,912,70,912,0,0,912,1,0,3,1,5,336,1,5,2010,1967,0
229,192500,43.0,3182,1373,1357,1555,0,0,1555,2,0,2,1,7,430,2,5,2009,2005,0
230,148000,73.0,8760,1194,1194,1194,0,0,1194,1,0,3,1,6,312,1,4,2010,1959,0
232,94500,21.0,1680,483,483,483,504,0,987,1,1,2,1,5,288,1,6,2006,1972,0
235,89500,21.0,1680,483,125,483,504,0,987,1,1,2,1,5,264,1,8,2008,1971,0
237,194500,,9453,996,594,1014,730,0,1744,2,1,3,1,7,457,2,2,2010,1993,0
239,113000,52.0,8741,735,641,798,689,0,1487,1,1,3,1,7,220,1,4,2010,1945,0
240,262500,75.0,9000,1566,488,1566,0,0,1566,2,0,3,1,7,750,2,4,2010,2008,0
245,241500,80.0,10400,1845,916,1872,0,0,1872,2,0,3,1,6,604,2,6,2006,1988,0
247,140000,75.0,11310,1367,1367,1375,0,0,1375,1,0,2,1,5,451,2,6,2006,1954,0
249,277000,,159000,1444,747,1444,700,0,2144,2,0,4,1,7,389,2,6,2007,1958,0
251,235000,44.0,4750,1573,0,1625,0,0,1625,2,0,2,1,5,538,2,12,2007,2006,0
252,173000,65.0,8366,798,798,798,842,0,1640,2,1,3,1,6,520,2,12,2008,2004,0
253,158000,85.0,9350,1302,452,1302,0,0,1302,2,0,3,1,7,309,1,10,2007,1964,0
254,145000,70.0,8400,1314,392,1314,0,0,1314,1,0,3,1,5,294,1,6,2010,1957,0
255,230000,66.0,8738,975,975,1005,1286,0,2291,2,1,4,1,8,429,2,2,2006,1999,0
256,207500,64.0,8791,864,361,864,864,0,1728,2,1,3,1,7,673,2,5,2008,2003,0
259,97000,70.0,12702,0,0,882,0,0,882,1,0,2,1,4,308,1,12,2008,1956,0
260,176000,120.0,19296,1362,0,1382,0,0,1382,1,0,3,1,6,884,2,5,2009,1962,0
261,276000,69.0,9588,1482,1482,1482,1092,0,2574,2,1,3,1,10,868,3,11,2007,2007,0
262,151000,88.0,8471,506,0,1212,0,0,1212,1,0,3,1,6,492,2,7,2006,1977,0
263,130000,50.0,5500,926,0,926,0,390,1316,1,0,3,1,6,484,2,4,2010,1929,0
264,73000,30.0,5232,680,680,764,0,0,764,1,0,2,1,4,504,2,6,2008,1925,0
265,175500,78.0,12090,1422,606,1422,0,0,1422,2,0,3,1,7,576,2,6,2008,1981,0
266,185000,70.0,11207,802,88,802,709,0,1511,2,1,3,1,8,413,2,6,2006,1997,0
267,179500,60.0,8400,720,342,1052,720,420,2192,2,1,4,1,8,240,1,7,2008,1939,0
268,120500,71.0,6900,740,212,778,0,0,778,1,0,2,1,4,924,1,2,2008,1940,0
269,148000,,7917,1143,392,1113,0,0,1113,1,1,3,1,6,504,1,5,2007,1976,0
270,266000,84.0,10728,1095,1095,1095,844,0,1939,2,1,3,1,8,1053,3,8,2006,2006,0
271,241500,73.0,39104,1385,96,1363,0,0,1363,1,0,2,1,5,439,2,4,2008,1954,0
272,290000,92.0,11764,1152,628,1164,1106,0,2270,2,1,4,1,9,671,3,4,2010,1999,0
275,205000,55.0,7264,952,952,952,596,0,1548,2,1,3,1,5,672,2,10,2009,1925,0
276,201000,129.0,9196,1560,1560,1560,0,0,1560,2,0,3,1,7,573,2,4,2010,2003,0
277,141000,140.0,19138,864,744,864,0,0,864,1,0,2,1,4,400,2,6,2010,1951,0
278,415298,107.0,14450,2121,2121,2121,0,0,2121,2,1,3,1,8,732,3,5,2007,2006,0
279,192000,83.0,10005,1160,768,1156,866,0,2022,2,1,4,1,8,505,2,3,2008,1977,0
280,228500,82.0,11287,807,386,1175,807,0,1982,2,1,3,1,7,575,2,1,2007,1989,0
281,185000,60.0,7200,1262,357,1262,0,0,1262,2,0,2,1,5,572,2,5,2006,2006,0
282,207500,34.0,5063,1314,410,1314,0,0,1314,2,0,2,1,6,626,2,4,2009,2007,0
283,244600,74.0,9612,1468,1468,1468,0,0,1468,2,0,3,1,6,898,3,12,2009,2008,0
286,159000,77.0,9786,912,312,1085,649,0,1734,1,1,3,1,7,440,2,6,2006,1962,0
287,88000,,8125,858,244,858,0,0,858,1,0,3,1,5,0,0,6,2006,1971,0
288,122000,,9819,882,432,900,0,0,900,1,0,3,1,5,280,1,2,2010,1967,0
290,233230,120.0,15611,1079,1079,1079,840,0,1919,2,1,3,1,8,685,2,7,2006,2006,0
292,131000,60.0,11409,768,476,1148,568,0,1716,1,1,3,1,8,281,1,1,2009,1949,0
293,235000,,16659,795,0,1468,795,0,2263,2,1,3,1,9,539,2,3,2006,1977,0
294,167000,80.0,9600,1416,131,1644,0,0,1644,1,0,3,1,7,418,2,10,2009,1953,0
295,142500,37.0,7937,1003,184,1003,0,0,1003,1,0,3,1,6,588,2,3,2006,1984,0
297,239000,66.0,7399,975,326,975,975,0,1950,2,1,3,1,7,576,2,6,2007,1997,0
298,175000,90.0,11700,702,143,1041,702,0,1743,1,2,3,1,7,539,2,6,2007,1968,0
300,157000,90.0,15750,1165,324,1336,0,0,1336,1,0,2,1,5,375,1,6,2006,1953,0
301,267000,66.0,16226,1028,747,1210,1242,0,2452,2,1,4,1,9,683,2,5,2007,1998,0
302,205000,118.0,13704,1541,1541,1541,0,0,1541,2,0,3,1,6,843,3,1,2006,2001,0
303,149900,70.0,9800,894,0,894,0,0,894,1,0,3,1,5,552,2,7,2006,1972,0
304,295000,87.0,18386,1470,1470,1675,1818,0,3493,3,0,3,1,10,870,3,5,2008,1880,0
305,305900,80.0,10386,2000,536,2000,0,0,2000,2,0,3,1,8,888,3,7,2007,2004,0
306,225000,116.0,13474,700,0,1122,1121,0,2243,2,1,4,1,8,746,3,6,2007,1990,0
307,89500,,7920,319,319,1035,371,0,1406,1,0,3,1,6,0,0,3,2008,1920,0
309,360000,90.0,12378,1896,622,1944,0,0,1944,2,0,3,1,8,708,3,11,2006,2003,0
310,165600,,7685,697,179,697,804,0,1501,2,1,3,1,6,420,2,5,2006,1993,0
311,132000,50.0,8000,972,292,972,0,0,972,1,0,2,1,5,240,1,5,2009,1948,0
312,119900,65.0,7800,793,286,793,325,0,1118,1,0,3,1,5,410,2,5,2006,1939,0
313,375000,150.0,215245,2136,80,2036,0,0,2036,2,0,3,1,8,513,2,6,2009,1965,0
314,178000,60.0,9600,728,712,832,809,0,1641,1,1,3,1,6,546,2,8,2006,1925,0
316,260000,94.0,13005,845,153,1153,1200,0,2353,2,1,4,1,10,484,2,8,2009,1980,0
318,260000,90.0,9900,1347,360,1372,1274,0,2646,2,1,4,1,9,656,3,4,2009,1993,0
319,187500,,14115,1372,336,1472,0,0,1472,2,0,3,1,6,588,2,6,2009,1980,0
320,342643,111.0,16259,1249,1249,1249,1347,0,2596,3,1,4,1,9,840,3,9,2006,2006,0
322,301000,86.0,10380,1502,0,1553,1177,0,2730,2,1,4,1,8,576,2,8,2007,1986,0
324,242000,96.0,11275,710,710,1898,1080,0,2978,2,1,5,1,11,564,2,6,2010,1967,0
325,87000,50.0,5000,720,604,803,0,0,803,1,0,2,1,5,360,2,12,2007,1941,0
326,324000,32.0,10846,1719,100,1719,0,0,1719,1,1,1,1,6,473,2,5,2008,1993,0
329,78000,60.0,6402,596,596,596,596,0,1192,1,0,3,1,6,189,1,7,2009,1920,0
332,284000,85.0,10655,3206,1603,1629,0,0,1629,2,0,3,1,7,880,3,10,2009,2003,0
334,192000,59.0,9042,943,115,943,695,0,1638,2,1,3,1,7,472,2,7,2008,1998,0
335,228950,,164660,1499,103,1619,167,0,1786,2,0,3,1,7,529,2,8,2008,1965,0
336,377426,86.0,14157,1922,673,1922,0,0,1922,2,0,3,1,8,676,3,7,2007,2005,0
337,214000,70.0,9135,1536,726,1536,0,0,1536,2,0,3,1,7,532,2,12,2008,2002,0
339,155000,66.0,12400,1215,630,1215,0,0,1215,1,0,3,1,6,297,1,6,2009,1958,0
340,202900,85.0,14191,967,967,993,915,0,1908,2,1,4,1,9,431,2,4,2010,2002,0
343,266000,63.0,8849,1684,1656,1684,0,0,1684,2,0,2,1,6,564,2,7,2008,2005,0
344,85000,36.0,2592,536,175,536,576,0,1112,1,1,3,1,4,336,1,4,2010,1976,0
345,140200,65.0,6435,972,972,972,605,0,1577,1,0,3,1,6,312,1,10,2006,1939,0
347,157500,,17600,1478,208,1478,0,0,1478,2,0,3,1,6,498,2,12,2009,1960,0
348,154000,36.0,2448,764,191,764,862,0,1626,2,1,2,1,6,474,2,10,2008,2003,0
349,437154,56.0,20431,1848,438,1848,880,0,2728,2,1,4,1,10,706,3,4,2006,2005,0
350,318061,68.0,7820,1869,1869,1869,0,0,1869,2,0,2,1,6,617,2,12,2007,2007,0
352,95000,60.0,9084,616,0,616,495,0,1111,1,0,3,1,5,200,1,3,2008,1941,0
355,177500,105.0,11249,1200,322,1200,0,0,1200,2,0,3,1,6,521,2,8,2007,1995,0
356,173000,,9248,1158,598,1167,0,0,1167,2,0,3,1,6,400,2,7,2009,1992,0
358,130000,92.0,6930,1062,468,1352,0,0,1352,1,0,3,1,6,288,1,7,2006,1958,0
359,280000,78.0,12011,1086,130,1086,838,0,1924,2,1,3,1,7,592,2,6,2006,1998,0
360,156000,,7540,888,115,912,0,0,912,1,0,2,1,5,470,2,6,2007,1978,0
363,118000,21.0,1680,483,321,483,504,0,987,1,1,2,1,5,264,1,5,2009,1972,0
364,190000,,18800,796,84,790,784,0,1574,2,1,3,1,6,566,2,7,2006,1976,0
365,147000,59.0,10690,672,216,672,672,0,1344,1,0,3,1,6,468,1,7,2009,1920,0
366,159000,,9500,1394,785,1394,0,0,1394,1,1,3,1,6,514,2,7,2009,1963,0
367,165000,101.0,9150,1099,728,1431,0,0,1431,1,0,3,1,6,296,1,12,2008,1962,0
368,132000,78.0,7800,1268,728,1268,0,0,1268,1,0,2,1,7,244,1,3,2010,1954,0
369,162000,,9830,1063,733,1287,0,0,1287,1,0,3,1,7,576,2,3,2010,1959,0
370,172400,,8121,953,953,953,711,0,1664,2,1,3,1,7,460,2,1,2006,2000,0
372,125000,50.0,7175,744,0,752,0,0,752,1,0,2,1,4,264,1,2,2010,1984,0
374,219500,65.0,8200,847,847,847,1081,0,1928,2,1,4,1,8,434,2,7,2007,2003,0
377,340000,102.0,11143,1580,1580,1580,886,0,2466,3,0,4,1,8,610,2,12,2007,2004,0
378,394432,88.0,11394,1856,411,1856,0,0,1856,1,1,1,1,8,834,3,6,2010,2010,0
379,179000,60.0,8123,982,982,1007,793,0,1800,2,1,3,1,7,463,2,6,2009,2000,0
380,127000,50.0,5000,1026,808,1026,665,0,1691,2,0,3,1,6,308,1,5,2010,1924,0
381,187750,60.0,7200,1293,1293,1301,0,0,1301,2,0,2,1,5,572,2,8,2006,2006,0
382,213500,79.0,9245,939,939,939,858,0,1797,2,1,3,1,8,639,2,4,2007,2006,0
383,76000,60.0,9000,784,784,784,0,0,784,1,0,2,1,5,360,2,10,2009,1928,0
384,240000,,53107,1580,595,1079,874,0,1953,2,1,3,1,9,501,2,6,2007,1992,0
385,192000,43.0,3182,1256,1232,1269,0,0,1269,2,0,2,1,6,430,2,4,2010,2004,0
387,125000,72.0,7200,1041,410,1125,0,0,1125,1,0,3,1,6,352,1,10,2009,1976,0
389,426000,96.0,12474,1682,402,1742,590,0,2332,2,1,3,1,9,846,3,8,2008,2007,0
391,215000,71.0,12209,804,114,804,1157,0,1961,2,1,3,1,7,560,2,6,2009,2001,0
392,106500,,8339,0,0,882,0,0,882,1,0,3,1,5,294,1,7,2007,1959,0
393,100000,,7446,788,522,788,0,0,788,1,0,2,1,4,0,0,4,2006,1941,0
394,109000,60.0,10134,735,735,735,299,0,1034,1,0,2,1,5,240,1,7,2007,1940,0
395,129000,68.0,9571,1144,405,1144,0,0,1144,1,0,3,1,6,596,1,6,2010,1956,0
396,123000,60.0,7200,894,117,894,0,0,894,1,0,2,1,6,600,2,9,2009,1972,0
397,169500,69.0,7590,864,324,876,936,0,1812,2,0,4,1,8,264,1,7,2007,1962,0
398,67000,60.0,8967,961,961,1077,0,0,1077,1,0,2,1,6,338,1,11,2007,1920,0
399,241000,65.0,8125,1092,280,1112,438,0,1550,2,0,2,1,7,438,2,10,2009,2006,0
401,164990,65.0,8767,1310,1286,1310,0,0,1310,2,0,3,1,6,400,2,7,2006,2005,0
402,108000,60.0,10200,672,672,672,0,0,672,1,0,2,1,4,240,1,8,2008,1940,0
403,258000,93.0,12090,1141,1141,1165,1098,0,2263,2,1,4,1,10,420,2,7,2006,1998,0
404,168000,,10364,806,806,806,766,0,1572,2,1,3,1,7,373,2,5,2007,1995,0
405,150000,,9991,1281,165,1620,0,0,1620,2,0,3,1,8,490,2,6,2009,1976,0
407,177000,63.0,15576,840,840,840,840,0,1680,2,0,4,1,8,308,1,3,2008,1915,0
408,280000,109.0,14154,1063,1063,1071,1101,0,2172,2,1,3,1,9,947,3,8,2007,2006,0
409,339750,85.0,10800,1034,245,1050,1028,0,2078,2,1,3,1,8,836,3,4,2008,2007,0
412,222000,,4403,1470,892,1478,0,0,1478,2,1,2,1,7,484,2,6,2010,2009,0
413,115000,56.0,8960,1008,1008,1028,0,0,1028,1,0,2,1,5,360,2,3,2010,1927,0
414,228000,59.0,11228,1080,499,1080,1017,0,2097,2,1,3,1,9,678,3,12,2008,1993,0
415,181134,73.0,8899,1340,1316,1340,0,0,1340,2,0,3,1,6,396,2,8,2007,2007,0
417,239000,86.0,22420,1370,242,1370,1254,0,2624,2,1,4,1,10,864,3,11,2007,1918,0
418,126000,60.0,8160,756,444,756,378,0,1134,1,1,3,1,7,240,1,4,2007,1940,0
419,142000,65.0,8450,1056,281,1056,0,0,1056,1,0,3,1,6,304,1,7,2010,1968,0
420,206300,78.0,7060,1344,35,1344,0,0,1344,2,0,2,2,8,784,4,11,2008,1997,0
421,215000,,16635,1602,356,1602,0,0,1602,2,0,3,1,8,529,2,6,2009,1977,0
422,113000,100.0,21750,988,988,988,0,0,988,1,0,2,1,4,520,2,2,2008,1954,0
423,315000,80.0,9200,1470,484,1470,1160,0,2630,2,1,4,1,8,696,3,6,2008,1998,0
426,275000,,12800,1518,0,1644,0,0,1644,2,0,2,1,5,569,2,8,2009,1989,0
427,109008,77.0,8593,907,619,907,0,0,907,1,0,3,1,5,352,1,7,2008,1957,0
428,195400,64.0,6762,1208,544,1208,0,0,1208,2,0,2,1,6,628,2,9,2007,2007,0
429,175000,130.0,11457,1392,387,1412,0,0,1412,2,0,3,1,6,576,2,3,2009,1988,0
430,85400,21.0,1680,483,96,483,504,0,987,1,1,2,1,4,264,1,7,2008,1971,0
431,79900,60.0,5586,901,901,1088,110,0,1198,1,0,4,1,7,0,0,9,2008,1920,0
432,122500,24.0,1920,765,294,765,600,0,1365,1,1,2,1,6,440,2,8,2007,1971,0
433,181000,100.0,10839,926,926,926,678,0,1604,2,1,3,1,7,470,2,7,2008,1997,0
434,81000,21.0,1890,630,135,630,0,0,630,1,0,1,1,3,0,0,6,2008,1972,0
435,212000,43.0,10667,799,70,827,834,0,1661,2,1,3,1,6,550,2,4,2009,1996,0
437,119000,50.0,6000,884,884,904,0,0,904,1,0,2,1,4,180,1,1,2009,1926,0
438,90350,40.0,4280,440,75,694,0,0,694,1,0,2,1,4,352,1,3,2007,1913,0
440,555000,105.0,15431,3094,788,2402,0,0,2402,2,0,2,1,10,672,3,4,2009,2008,0
441,118000,92.0,12108,1440,1307,1440,0,0,1440,2,0,4,2,8,0,0,9,2008,1955,0
442,162900,52.0,6240,1078,1078,1128,445,0,1573,2,0,3,1,8,360,2,6,2008,1930,0
443,172500,53.0,3922,1258,1258,1258,0,0,1258,2,0,2,1,6,648,3,6,2007,2006,0
444,210000,70.0,8750,915,273,933,975,0,1908,2,1,4,1,8,493,2,7,2008,1994,0
445,127500,73.0,9855,1436,1436,1689,0,0,1689,1,0,3,1,7,480,2,11,2009,1956,0
446,190000,137.0,16492,1517,557,1888,0,0,1888,2,1,2,1,6,578,2,6,2010,1966,0
447,199900,,11214,930,930,956,930,0,1886,2,1,4,1,10,431,2,7,2006,1998,0
448,119500,50.0,8600,780,780,780,596,0,1376,2,0,3,1,7,198,1,6,2006,1937,0
449,120000,50.0,6000,649,318,679,504,0,1183,1,1,2,1,6,308,1,6,2007,1948,0
450,110000,70.0,5684,813,813,813,0,0,813,1,0,2,1,5,270,1,6,2006,1930,0
452,204000,,9303,872,130,888,868,0,1756,2,1,3,1,7,422,2,7,2007,1996,0
454,188000,63.0,9297,1728,122,1728,0,0,1728,2,0,4,2,8,560,2,7,2006,1976,0
456,98000,34.0,4571,624,624,624,720,0,1344,1,0,4,1,7,513,3,5,2008,1916,0
457,256000,,53227,1364,248,1663,0,0,1663,1,0,2,1,6,529,2,3,2008,1954,0
458,161000,,5100,588,588,833,833,0,1666,1,0,3,1,7,228,1,6,2008,1925,0
459,110000,,7015,709,524,979,224,0,1203,1,0,3,1,5,352,1,7,2009,1950,0
460,263435,75.0,8004,832,288,832,1103,0,1935,2,1,3,1,8,552,2,12,2009,2009,0
461,155000,60.0,7200,560,0,575,560,0,1135,1,0,3,1,6,576,2,4,2009,1936,0
463,188700,74.0,11988,715,389,849,811,0,1660,1,1,3,1,6,240,1,8,2008,1934,0
464,124000,60.0,8430,1040,424,1040,0,0,1040,2,0,3,1,5,0,0,8,2009,1978,0
466,167000,85.0,10628,1277,499,1277,0,0,1277,1,0,2,1,5,526,2,4,2007,1970,0
467,146500,79.0,9480,728,342,888,756,0,1644,1,1,3,1,7,312,1,6,2007,1942,0
468,250000,98.0,11428,1626,1626,1634,0,0,1634,2,0,3,1,7,866,3,5,2007,2006,0
469,187000,76.0,9291,832,406,832,878,0,1710,2,1,3,1,7,506,2,6,2008,1993,0
470,212000,,6820,1488,0,1502,0,0,1502,1,1,1,1,4,528,2,6,2010,1985,0
471,190000,92.0,11952,808,808,1161,808,0,1969,2,1,3,1,8,534,2,11,2007,1977,0
472,148000,35.0,3675,547,88,1072,0,0,1072,1,0,2,1,5,525,2,6,2008,2005,0
473,440000,110.0,14977,1976,626,1976,0,0,1976,2,0,2,1,7,908,3,7,2007,2006,0
474,251000,41.0,5330,1494,298,1652,0,0,1652,2,0,2,1,6,499,2,8,2007,2000,0
475,132500,80.0,8480,970,340,970,0,0,970,1,0,2,1,5,624,2,7,2007,1963,0
476,208900,75.0,13125,1478,484,1493,0,0,1493,2,0,3,1,7,508,2,4,2008,1997,0
479,89471,50.0,5925,907,739,1131,0,0,1131,1,0,2,1,7,672,2,3,2007,1937,0
480,326000,98.0,16033,1833,572,1850,0,0,1850,2,0,3,1,8,772,3,3,2006,2004,0
482,155000,50.0,2500,910,611,916,910,0,1826,1,1,4,1,7,164,1,6,2009,1915,0
485,147000,80.0,9600,1113,506,1113,0,0,1113,1,0,3,1,5,264,1,7,2009,1950,0
486,156000,79.0,10289,1073,237,1073,0,0,1073,1,1,3,1,6,515,2,6,2007,1965,0
487,175000,70.0,12243,1484,486,1484,0,0,1484,2,0,3,1,7,487,2,2,2007,1971,0
488,160000,60.0,10800,954,290,1766,648,0,2414,2,0,3,2,10,520,2,5,2006,1900,0
490,115000,,2665,264,264,616,688,0,1304,1,1,3,1,4,336,1,6,2008,1976,0
491,133000,79.0,9490,806,238,958,620,0,1578,1,0,3,1,5,240,1,8,2006,1941,0
492,172785,105.0,15578,728,728,728,728,0,1456,2,1,3,1,8,429,2,5,2006,2006,0
493,155000,70.0,7931,1269,363,1269,0,0,1269,1,1,3,1,6,308,1,6,2008,1960,0
496,430000,,12692,3200,1969,3228,0,0,3228,3,0,4,1,10,546,2,5,2007,1992,0
497,184000,60.0,9120,1026,697,1133,687,0,1820,2,0,4,1,8,240,1,6,2008,1925,0
498,130000,65.0,7800,864,414,899,0,0,899,1,0,3,1,5,288,1,6,2009,1967,0
499,120000,70.0,7535,912,522,912,0,0,912,1,0,2,1,5,297,1,6,2007,1958,0
500,113000,21.0,1890,672,316,672,546,0,1218,1,1,3,1,7,264,1,5,2007,1973,0
501,226700,75.0,9803,866,466,866,902,0,1768,2,1,3,1,7,603,2,2,2008,2005,0
502,140000,70.0,9170,1214,420,1214,0,0,1214,1,0,2,1,6,461,2,4,2007,1965,0
503,289000,100.0,15602,1501,254,1801,0,0,1801,2,0,1,1,6,484,2,3,2010,1959,0
504,147000,24.0,2308,855,103,855,467,0,1322,2,1,3,1,6,440,2,6,2009,1974,0
505,124500,60.0,7596,960,960,960,1000,0,1960,2,0,4,2,10,400,2,7,2009,1952,0
507,208300,75.0,7862,1218,1191,1218,0,0,1218,2,0,2,1,4,676,2,9,2009,2009,0
510,164900,75.0,14559,1008,178,1363,0,0,1363,1,0,2,1,6,288,1,6,2009,1951,0
511,202665,40.0,6792,1368,1368,1368,0,0,1368,2,0,2,1,6,474,2,3,2006,2005,0
512,129900,70.0,9100,864,169,864,0,0,864,1,0,3,1,5,624,2,7,2006,1958,0
514,96500,55.0,10594,768,768,789,0,0,789,1,0,2,1,5,200,1,6,2007,1926,0
515,402861,94.0,12220,2006,570,2020,0,0,2020,2,1,3,1,9,900,3,9,2009,2009,0
516,158000,,10448,689,689,1378,741,0,2119,2,1,3,1,7,583,2,8,2009,1972,0
517,265000,79.0,10208,1264,1264,1277,1067,0,2344,2,1,3,1,7,889,3,7,2009,1996,0
519,234000,53.0,10918,1276,1276,1276,804,0,2080,1,1,3,1,9,282,1,6,2009,1926,0
521,150000,90.0,11988,1244,467,1244,0,0,1244,1,1,3,1,6,336,1,5,2007,1957,0
522,159000,50.0,5000,1004,605,1004,660,0,1664,2,0,3,1,7,420,2,10,2006,1947,0
523,184750,130.0,40094,3138,878,3138,1538,0,4676,3,1,3,1,11,884,3,10,2007,2007,0
524,315750,95.0,11787,1379,660,1383,1015,0,2398,2,1,3,1,8,834,3,8,2007,1996,0
525,176000,62.0,7500,1257,1257,1266,0,0,1266,2,0,3,1,6,453,2,4,2006,2005,0
527,446261,67.0,14948,1452,122,1476,1237,0,2713,2,1,3,1,11,858,3,11,2008,2008,0
528,86000,58.0,9098,528,180,605,0,0,605,1,0,2,1,5,0,0,7,2007,1920,0
530,175000,85.0,10200,1461,678,1509,0,0,1509,2,0,3,1,5,600,2,8,2008,1988,0
531,128000,60.0,6155,611,611,751,611,0,1362,2,0,3,1,6,502,2,6,2008,1920,0
533,39300,50.0,5000,0,0,334,0,0,334,1,0,1,1,2,0,0,1,2007,1946,0
534,178000,74.0,9056,707,707,707,707,0,1414,2,1,3,1,6,403,2,10,2006,2004,0
535,107500,70.0,7000,1117,148,820,527,0,1347,1,0,3,1,5,0,0,1,2008,1910,0
537,111250,,12735,864,264,864,0,0,864,1,0,3,1,5,576,2,4,2008,1972,0
538,158000,,11553,1051,378,1159,0,0,1159,1,1,3,1,7,336,1,7,2006,1968,0
540,315000,85.0,14601,1838,578,1838,0,0,1838,2,0,2,1,8,765,3,3,2009,2006,0
541,248000,,11000,969,969,997,1288,0,2285,2,1,4,1,8,648,3,6,2007,2000,0
542,213250,78.0,10140,1650,379,1680,0,0,1680,2,0,3,1,7,583,2,6,2009,1998,0
544,179665,58.0,17104,654,100,664,832,0,1496,2,1,3,1,7,426,2,9,2006,2006,0
545,229000,,13837,1204,0,1377,806,0,2183,2,1,4,1,9,786,3,2,2006,1988,0
546,210000,70.0,8737,1065,765,915,720,0,1635,1,1,3,1,6,440,2,5,2007,1923,0
547,129500,54.0,7244,768,149,768,0,0,768,1,0,2,1,5,624,2,4,2007,1970,0
548,125000,49.0,8235,825,0,825,0,0,825,1,0,2,1,4,720,2,6,2008,1955,0
549,263000,75.0,9375,912,912,912,1182,0,2094,2,1,4,1,8,615,2,11,2009,2003,0
552,255500,87.0,11146,1709,1709,1717,0,0,1717,2,0,3,1,7,908,3,7,2009,2006,0
553,108000,67.0,8777,0,0,1126,0,0,1126,2,0,2,1,5,520,2,5,2009,1949,0
556,141000,69.0,14850,1092,197,1092,0,0,1092,1,0,2,1,6,299,1,5,2006,1957,0
557,108000,60.0,11040,637,0,897,439,0,1336,1,1,3,1,7,570,1,9,2006,1920,0
559,234000,,3196,1374,1374,1557,0,0,1557,2,0,2,1,7,420,2,10,2006,2003,0
560,121500,,11341,1392,90,1392,0,0,1392,1,1,3,1,5,528,2,5,2010,1957,0
562,108000,63.0,13907,996,706,996,0,0,996,1,0,3,1,6,0,0,7,2008,1940,0
563,185000,66.0,21780,1163,1163,1163,511,0,1674,2,0,4,1,8,396,2,7,2008,1918,0
564,268000,,13346,1095,367,1166,1129,0,2295,2,1,4,1,9,590,2,7,2006,1992,0
565,128000,66.0,6858,806,806,841,806,0,1647,1,1,4,1,6,216,1,5,2010,1915,0
567,214000,70.0,10171,1517,1515,1535,0,0,1535,2,0,3,1,7,532,2,3,2010,2004,0
568,316600,79.0,12327,1496,55,1496,636,0,2132,1,1,1,1,5,612,2,9,2009,1983,0
569,135960,,7032,943,0,943,0,0,943,1,0,2,1,4,600,2,12,2006,1979,0
570,142600,74.0,13101,1728,1497,1728,0,0,1728,2,0,6,2,10,576,2,11,2008,1965,0
571,120000,60.0,7332,864,450,864,0,0,864,1,0,2,1,4,288,1,10,2006,1959,0
572,224500,83.0,13159,846,846,846,846,0,1692,2,1,3,1,6,650,2,7,2009,2009,0
573,170000,76.0,9967,384,384,774,656,0,1430,2,1,3,1,8,400,2,12,2007,2000,0
574,139000,70.0,10500,372,23,576,533,0,1109,1,0,3,1,5,288,1,12,2007,1971,0
575,118500,80.0,8480,832,390,832,384,0,1216,1,0,2,1,6,336,1,10,2008,1947,0
576,145000,52.0,6292,861,861,877,600,0,1477,2,0,3,1,6,216,1,8,2009,1928,0
577,164500,96.0,11777,1164,285,1320,0,0,1320,1,0,3,1,6,564,2,5,2006,1966,0
578,146000,34.0,3604,689,689,703,689,0,1392,2,0,2,1,5,540,2,2,2008,2007,0
584,133000,51.0,6120,884,884,989,584,0,1573,1,0,3,1,6,240,1,7,2009,1935,0
585,369900,88.0,11443,1868,408,2028,0,0,2028,2,0,2,1,7,880,3,3,2006,2005,0
586,130000,55.0,10267,816,0,838,0,0,838,1,0,2,1,5,275,1,5,2008,1918,0
587,137000,74.0,8740,840,168,860,0,0,860,1,0,2,1,4,528,2,7,2009,1982,0
588,143000,65.0,25095,1437,113,1473,0,0,1473,1,0,1,1,5,452,1,6,2009,1968,0
589,79500,50.0,9100,742,742,779,0,156,935,1,0,2,1,4,308,1,8,2008,1930,0
590,185900,64.0,8320,770,280,770,812,0,1582,2,1,3,1,6,520,2,9,2008,2004,0
592,138000,60.0,6600,816,0,816,0,0,816,1,0,2,1,4,816,2,6,2008,1982,0
593,140000,,4435,848,163,848,0,0,848,1,0,1,1,4,420,2,5,2009,2003,0
594,110000,88.0,7990,924,924,924,0,0,924,1,0,3,1,5,280,1,4,2008,1975,0
595,319000,69.0,11302,1814,392,1826,0,0,1826,2,0,3,1,7,758,3,8,2006,2005,0
596,114504,60.0,3600,684,684,684,684,0,1368,1,0,3,1,7,216,1,10,2006,1910,0
598,217500,80.0,12984,1430,0,1647,0,0,1647,2,0,3,1,7,621,2,3,2006,1977,0
599,151000,24.0,1950,716,23,716,840,0,1556,2,1,3,1,6,452,2,7,2008,1980,0
600,275000,74.0,10927,1058,512,1058,846,0,1904,2,1,3,1,8,736,2,6,2006,2005,0
602,220000,80.0,10041,908,119,927,988,0,1915,2,1,3,1,8,506,2,2,2006,1992,0
603,151000,30.0,3182,600,600,600,600,0,1200,2,1,2,1,4,480,2,6,2010,2004,0
604,221000,88.0,12803,1494,572,1494,0,0,1494,2,0,3,1,6,530,2,9,2008,2002,0
606,152000,82.0,12464,1040,308,1040,0,0,1040,1,0,3,1,6,576,2,11,2009,1996,0
608,359100,78.0,12168,965,537,1940,1254,0,3194,2,1,4,1,10,380,2,9,2007,1934,0
609,118500,61.0,7943,1029,126,1029,0,0,1029,1,0,3,1,5,261,1,4,2007,1961,0
610,313000,,11050,1440,536,1476,677,0,2153,2,1,3,1,8,736,3,5,2009,2000,0
611,148000,,10395,1032,427,1032,0,0,1032,2,0,3,1,6,564,2,7,2007,1978,0
612,261500,,11885,1299,309,1299,573,0,1872,2,1,3,1,7,531,2,11,2009,2001,0
613,147000,70.0,8402,1120,914,1120,0,0,1120,1,0,3,1,6,0,0,12,2007,2007,0
614,75500,21.0,1491,630,0,630,0,0,630,1,0,1,1,3,0,0,5,2010,1972,0
615,137500,80.0,8800,936,173,1054,0,0,1054,1,0,3,1,6,480,2,5,2010,1963,0
617,105500,59.0,7227,832,832,832,0,0,832,1,0,2,1,4,528,2,6,2008,1954,0
619,305000,85.0,12244,1482,611,1482,780,0,2262,2,1,4,1,10,749,3,8,2008,2003,0
620,67000,45.0,8248,864,823,864,0,0,864,1,0,2,1,5,0,0,9,2008,1914,0
621,240000,90.0,10800,1522,384,1548,1066,0,2614,2,1,4,1,9,624,2,6,2008,1974,0
622,135000,71.0,7064,980,420,980,0,0,980,1,0,3,1,6,484,2,7,2009,1977,0
623,168500,,2117,756,336,756,756,0,1512,2,1,2,1,4,440,2,6,2007,2000,0
625,160000,87.0,10000,1116,1116,1116,0,0,1116,1,1,3,1,5,440,2,2,2010,1962,0
627,153000,80.0,9600,1156,350,1520,0,0,1520,1,0,3,1,7,364,1,3,2010,1955,0
628,135000,70.0,11606,1040,390,1040,1040,0,2080,1,2,5,1,9,504,2,9,2007,1969,0
629,168500,82.0,9020,1248,288,1350,0,0,1350,1,1,3,1,6,520,2,6,2008,1964,0
630,124000,50.0,9000,636,636,1089,661,0,1750,1,0,3,1,8,240,1,6,2006,1880,0
631,209500,34.0,4590,1554,1530,1554,0,0,1554,2,0,2,1,6,627,2,8,2007,2006,0
632,82500,85.0,11900,1386,564,1411,0,0,1411,2,0,3,1,6,544,2,4,2009,1977,0
634,144000,64.0,6979,1056,0,1056,0,0,1056,0,0,0,2,4,576,2,6,2010,1980,0
636,60000,51.0,6120,264,264,800,0,0,800,1,0,1,1,4,0,0,1,2009,1936,0
637,93000,50.0,6000,811,811,811,576,0,1387,2,0,3,2,7,256,1,11,2009,1954,0
638,85000,67.0,8777,796,796,796,0,0,796,1,0,2,1,4,0,0,5,2008,1910,0
639,264561,53.0,3982,1520,366,1567,0,0,1567,2,0,1,1,7,648,3,10,2006,2006,0
641,226000,,7050,1057,319,1057,872,0,1929,2,1,3,1,7,650,2,5,2007,2001,0
642,345000,75.0,13860,1952,542,2000,704,0,2704,2,1,4,1,9,538,2,7,2009,1972,0
643,152000,80.0,10793,780,0,780,840,0,1620,2,1,4,1,7,462,2,4,2007,1969,0
645,143250,,10530,981,664,981,0,0,981,1,1,3,1,5,576,2,3,2007,1971,0
647,155000,85.0,10452,1094,594,1094,0,0,1094,1,0,3,1,5,495,2,6,2008,1953,0
648,155000,70.0,7700,756,756,1051,788,0,1839,1,1,4,1,7,442,2,6,2010,1966,0
649,84500,21.0,1936,630,0,630,0,0,630,1,0,1,1,3,0,0,12,2007,1970,0
650,205950,65.0,8125,813,813,822,843,0,1665,2,1,3,1,7,562,2,5,2008,2007,0
651,108000,60.0,9084,755,755,755,755,0,1510,1,0,4,1,7,296,1,10,2009,1940,0
652,191000,70.0,8750,880,880,909,807,0,1716,2,1,2,1,7,512,2,7,2009,1996,0
653,135000,60.0,10320,756,756,756,713,0,1469,1,0,3,1,7,216,1,6,2008,1906,0
654,350000,91.0,10437,2109,413,2113,0,0,2113,2,1,2,1,7,839,3,8,2008,1995,0
655,88000,21.0,1680,525,525,525,567,0,1092,1,1,3,1,6,264,1,3,2010,1971,0
656,145500,72.0,10007,1053,247,1053,0,0,1053,1,1,3,1,5,312,1,8,2008,1959,0
657,149000,60.0,7200,776,776,851,651,0,1502,1,1,3,1,6,270,1,2,2008,1931,0
658,97500,78.0,17503,912,912,912,546,0,1458,1,0,3,1,6,330,1,1,2010,1948,0
659,167000,75.0,9937,1486,849,1486,0,0,1486,1,0,3,1,7,480,2,3,2009,1964,0
660,197900,,12384,793,793,1142,793,0,1935,2,1,3,1,7,550,2,11,2007,1976,0
661,402000,52.0,46589,1629,88,1686,762,0,2448,2,1,4,1,8,711,3,7,2009,1994,0
662,110000,120.0,13560,1392,1392,1392,0,0,1392,1,0,2,1,5,576,2,7,2009,1968,0
664,423000,49.0,20896,2077,356,2097,0,0,2097,1,1,1,1,8,1134,3,1,2006,2005,0
666,129000,,18450,1021,111,1465,915,0,2380,2,1,3,1,7,596,2,8,2007,1965,0
667,193500,65.0,8125,1408,270,1679,0,0,1679,2,0,3,1,7,575,2,10,2008,1994,0
668,168000,,14175,1188,200,1437,0,0,1437,1,1,3,1,6,576,2,11,2006,1956,0
669,137500,80.0,11600,700,700,1180,0,0,1180,1,0,2,1,5,252,1,7,2006,1922,0
670,173500,64.0,8633,738,545,738,738,0,1476,2,1,3,1,7,540,2,2,2009,2005,0
671,103600,54.0,6629,672,121,697,672,0,1369,2,0,3,1,6,300,1,7,2009,1925,0
673,257500,110.0,14442,1477,291,1839,0,0,1839,2,0,3,1,7,416,2,6,2007,1957,0
674,140000,80.0,9200,1136,244,1136,0,0,1136,1,0,3,1,5,384,1,7,2008,1965,0
675,148500,24.0,2289,855,544,855,586,0,1441,2,1,3,1,7,440,2,4,2009,1978,0
676,87000,60.0,9600,1095,1095,1095,679,0,1774,2,0,4,2,8,779,3,5,2006,1900,0
677,109500,52.0,9022,768,768,792,0,0,792,1,0,2,1,5,240,1,5,2009,1924,0
678,372500,80.0,11844,2046,2046,2046,0,0,2046,2,1,3,1,7,834,3,7,2009,2008,0
680,143000,50.0,8012,923,261,923,0,0,923,2,0,2,1,5,264,1,5,2010,1980,0
681,159434,55.0,4500,793,611,848,672,0,1520,1,0,3,1,6,281,1,7,2009,1932,0
682,173000,,2887,1291,288,1291,0,0,1291,1,0,2,1,6,431,2,11,2008,1996,0
684,221000,58.0,16770,1195,1195,1195,644,0,1839,2,1,4,1,7,486,2,6,2010,1998,0
685,207500,,5062,1190,180,1190,900,0,2090,2,0,3,1,6,577,2,9,2007,1984,0
686,227875,84.0,10207,874,874,874,887,0,1761,3,0,3,1,7,578,2,8,2007,2007,0
687,148800,,5105,551,312,551,551,0,1102,2,1,2,1,4,480,2,3,2007,2004,0
688,392000,60.0,8089,1419,474,1419,0,0,1419,2,0,2,1,7,567,2,10,2007,2007,0
689,194700,61.0,7577,1362,1342,1362,0,0,1362,2,0,2,1,6,460,2,6,2007,2005,0
691,755000,104.0,21535,2444,989,2444,1872,0,4316,3,1,4,1,10,832,3,1,2007,1994,0
694,141500,51.0,6120,927,927,1067,472,0,1539,1,1,3,1,5,576,2,4,2009,1936,0
696,89000,50.0,6000,616,0,616,0,0,616,1,0,2,1,4,205,1,6,2006,1921,0
697,123500,57.0,6420,980,219,1148,0,0,1148,1,0,2,1,6,308,1,9,2006,1952,0
698,138500,65.0,8450,894,224,894,0,0,894,1,0,3,1,5,336,1,4,2010,1965,0
699,196000,59.0,4282,1391,1375,1391,0,0,1391,2,0,2,1,5,530,2,7,2008,2004,0
702,361919,82.0,12438,1234,1234,1264,1312,0,2576,2,1,4,1,10,666,3,7,2006,2006,0
704,213000,70.0,8400,1473,761,1484,0,0,1484,2,0,3,1,7,606,2,5,2010,2004,0
705,55000,70.0,5600,0,0,372,720,0,1092,2,0,3,2,7,0,0,7,2010,1930,0
707,254000,48.0,6240,1324,461,1324,0,0,1324,2,0,2,1,6,550,2,12,2009,2006,0
708,179540,65.0,9018,728,728,728,728,0,1456,2,1,3,1,8,400,2,7,2007,2007,0
709,109900,,7162,876,876,904,0,0,904,1,0,3,1,6,408,1,12,2008,1966,0
710,52000,56.0,4130,270,270,729,0,0,729,1,0,2,1,5,0,0,7,2008,1935,0
712,189000,40.0,4671,1228,461,1228,0,0,1228,2,0,2,1,5,472,2,10,2008,1988,0
713,129000,60.0,9873,960,171,960,0,0,960,1,0,3,1,6,576,2,5,2006,1970,0
715,165000,78.0,10140,1064,1064,1350,0,0,1350,2,0,3,1,7,478,2,8,2009,1974,0
716,159500,60.0,10800,718,718,1576,978,0,2554,1,1,3,1,8,704,2,7,2007,1890,0
717,157000,80.0,10000,1176,92,1178,0,0,1178,1,1,3,1,5,439,2,11,2008,1973,0
718,341000,96.0,10542,1311,138,1325,1093,0,2418,2,1,3,1,9,983,3,8,2008,1993,0
719,128500,69.0,9920,971,448,971,0,0,971,1,1,3,1,5,300,1,5,2006,1969,0
720,275000,,6563,1742,594,1742,0,0,1742,2,0,2,1,5,564,2,12,2006,1985,0
723,135000,60.0,8172,941,941,997,473,0,1470,2,0,4,1,7,548,1,5,2008,1954,0
724,320000,86.0,13286,1698,464,1698,0,0,1698,2,0,3,1,8,768,3,2,2009,2007,0
725,120500,60.0,6960,864,250,864,0,0,864,1,0,3,1,5,660,2,11,2009,1970,0
726,222000,,21695,880,72,1680,0,0,1680,2,0,3,1,5,540,2,12,2009,1988,0
727,194500,64.0,7314,1232,508,1232,0,0,1232,2,0,2,1,6,632,2,2,2009,2007,0
728,110000,85.0,11475,1584,1584,1776,0,0,1776,2,0,4,2,9,888,3,7,2009,1958,0
729,103000,52.0,6240,780,628,848,0,360,1208,1,0,2,1,5,539,2,1,2009,1925,0
730,236500,39.0,5389,1595,415,1616,0,0,1616,2,0,2,1,5,608,2,3,2010,1995,0
735,163000,60.0,10800,880,490,880,888,0,1768,1,1,2,1,6,320,2,10,2006,1914,0
736,93500,60.0,8544,0,0,1040,0,0,1040,2,0,2,2,6,400,2,7,2006,1950,0
737,239900,72.0,10463,893,893,901,900,0,1801,2,1,3,1,8,800,3,6,2006,2005,0
738,179000,60.0,10800,1200,0,1200,0,0,1200,3,0,3,1,5,0,0,3,2009,1987,0
739,190000,65.0,9313,864,864,864,864,0,1728,2,1,3,1,7,572,2,4,2009,2004,0
740,132000,60.0,9600,264,264,768,664,0,1432,2,0,2,1,7,360,2,5,2007,1910,0
741,142000,65.0,6768,912,80,912,0,0,912,1,0,3,1,5,288,1,5,2008,1961,0
742,179000,65.0,8450,1349,1349,1349,0,0,1349,2,0,3,1,6,539,2,12,2007,2000,0
743,175000,70.0,12886,520,76,1464,0,0,1464,2,0,3,1,6,480,2,10,2009,1963,0
744,180000,41.0,5395,1337,604,1337,0,0,1337,2,0,2,1,5,462,2,10,2008,1993,0
745,299800,,8963,1142,487,1175,1540,0,2715,3,1,4,1,11,831,2,7,2008,1976,0
746,236000,,8795,952,652,980,1276,0,2256,2,1,4,1,8,554,2,4,2009,2000,0
750,96500,55.0,8800,576,576,792,348,0,1140,1,0,3,1,7,0,0,6,2010,1910,0
751,162000,,7750,660,660,660,660,0,1320,2,1,3,1,6,400,2,8,2007,2003,0
753,275500,80.0,10240,1030,1030,1038,1060,0,2098,2,1,3,1,8,878,3,3,2006,2005,0
755,172500,34.0,3230,729,348,742,729,0,1471,2,1,3,1,6,440,2,3,2009,1999,0
756,212000,68.0,10769,866,846,866,902,0,1768,2,1,3,1,7,578,2,4,2009,2007,0
757,158900,,11616,672,234,672,714,0,1386,2,1,3,1,6,440,2,4,2010,1978,0
759,290000,65.0,12257,1318,1198,1328,1203,0,2531,2,1,4,1,9,752,3,11,2007,1995,0
760,127500,70.0,9100,864,252,864,0,0,864,1,0,2,1,5,300,1,10,2009,1959,0
762,215200,72.0,8640,756,732,764,783,0,1547,2,1,3,1,7,614,2,6,2010,2009,0
763,337000,82.0,9430,1252,89,1268,1097,0,2365,2,1,3,1,8,856,3,7,2009,1999,0
764,270000,30.0,9549,1494,0,1494,0,0,1494,1,1,2,1,6,481,2,4,2006,1995,0
765,264132,75.0,14587,1498,1498,1506,0,0,1506,2,0,2,1,6,592,2,8,2008,2008,0
766,196500,80.0,10421,980,586,980,734,0,1714,2,1,3,1,7,496,2,3,2010,1988,0
767,160000,75.0,12508,983,323,983,767,0,1750,2,0,4,1,7,423,1,7,2008,1940,0
768,216837,70.0,9100,1860,1836,1836,0,0,1836,2,0,3,1,8,484,2,10,2006,2004,0
769,538000,47.0,53504,1650,234,1690,1589,0,3279,3,1,4,1,12,841,3,6,2010,2003,0
770,134900,,7252,858,173,858,0,0,858,1,0,2,1,5,576,2,4,2009,1982,0
771,102000,67.0,8877,836,0,1220,0,0,1220,1,0,2,1,6,396,2,4,2006,1951,0
773,114500,70.0,10150,912,456,912,0,0,912,1,0,2,1,5,275,1,7,2007,1958,0
774,395000,110.0,14226,1935,1935,1973,0,0,1973,2,0,3,1,9,895,3,7,2007,2006,0
776,221500,86.0,11210,1614,1594,1614,0,0,1614,2,0,3,1,7,865,3,7,2006,2005,0
777,142500,100.0,13350,864,102,894,0,0,894,1,0,3,1,5,440,2,6,2006,1974,0
779,135000,78.0,10530,975,0,1004,0,0,1004,1,0,2,1,4,504,2,5,2006,1977,0
780,176000,63.0,7875,1237,1237,1253,0,0,1253,2,0,3,1,6,402,2,6,2007,1995,0
781,175900,65.0,7153,761,374,810,793,0,1603,2,1,3,1,7,484,2,7,2006,1992,0
782,187100,67.0,16285,1413,1413,1430,0,0,1430,2,0,3,1,6,605,2,6,2009,2001,0
783,165500,,9101,1097,0,1110,0,0,1110,1,0,1,1,4,602,2,7,2009,1978,0
784,128000,35.0,6300,742,742,742,742,0,1484,2,0,3,1,9,0,0,6,2008,1914,0
785,161500,,9790,1372,491,1342,0,0,1342,2,0,3,1,7,457,2,9,2009,1967,0
787,233000,76.0,10142,956,300,956,1128,0,2084,2,1,4,1,8,618,2,1,2010,2004,0
788,107900,50.0,6000,901,901,901,0,0,901,1,0,2,1,4,281,1,8,2008,1954,0
789,187500,,12205,832,264,976,1111,0,2087,2,1,5,1,9,444,2,7,2007,1966,0
790,160200,43.0,3182,1145,1129,1145,0,0,1145,2,0,2,1,5,397,2,9,2009,2005,0
791,146800,,11333,1029,490,1062,0,0,1062,1,0,3,1,5,539,2,5,2007,1976,0
792,269790,92.0,9920,1117,255,1127,886,0,2013,2,1,3,1,8,455,2,6,2007,1996,0
793,225000,76.0,9158,1496,1496,1496,0,0,1496,2,0,3,1,7,474,2,6,2007,2007,0
794,194500,,10832,712,712,1086,809,0,1895,2,1,3,1,7,409,2,10,2008,1994,0
796,143500,71.0,8197,660,660,1285,0,0,1285,1,1,3,1,7,528,2,4,2007,1977,0
797,110000,57.0,7677,773,203,773,0,0,773,1,0,2,1,4,240,1,4,2008,1953,0
798,485000,104.0,13518,1926,1926,1966,1174,0,3140,3,1,4,1,11,820,3,7,2009,2008,0
799,175000,60.0,7200,731,162,981,787,0,1768,1,1,3,1,7,240,1,6,2007,1937,0
801,109900,40.0,4800,1196,999,1196,0,0,1196,1,0,2,1,5,440,2,7,2007,1916,0
802,189000,63.0,8199,728,80,728,728,0,1456,2,1,3,1,7,410,2,10,2008,2005,0
803,582933,107.0,13891,1734,1734,1734,1088,0,2822,3,1,4,1,12,1020,3,1,2009,2008,0
804,118000,75.0,9000,936,124,1128,0,0,1128,1,0,2,1,5,286,1,6,2006,1954,0
805,227680,91.0,12274,1417,1417,1428,0,0,1428,2,0,3,1,6,554,2,7,2008,2008,0
806,135500,75.0,9750,980,100,980,0,0,980,2,0,3,1,6,384,1,10,2006,1967,0
809,106000,90.0,8100,849,849,1075,1063,0,2138,2,0,2,3,11,360,2,11,2009,1898,0
811,144500,,4438,848,186,848,0,0,848,1,0,1,1,4,420,2,6,2008,2004,0
812,55993,66.0,8712,540,540,1044,0,0,1044,1,0,2,1,4,504,2,6,2010,1952,0
813,157900,75.0,9750,1442,834,1442,0,0,1442,1,1,4,1,7,301,1,4,2007,1958,0
814,116000,45.0,8248,686,686,686,564,0,1250,1,1,3,1,7,280,1,7,2006,1918,0
816,137000,,11425,1008,522,1008,0,0,1008,1,0,2,1,4,275,1,7,2006,1954,0
818,155000,80.0,8816,1010,506,1052,0,0,1052,1,0,3,1,6,440,2,6,2010,1971,0
819,224000,44.0,6371,1358,625,1358,0,0,1358,2,0,2,1,6,484,2,6,2010,2009,0
820,183000,72.0,7226,798,798,798,842,0,1640,2,1,3,1,6,595,2,6,2008,2003,0
821,93000,60.0,6000,936,936,936,0,0,936,1,0,2,1,4,576,2,2,2009,1953,0
823,139500,60.0,9900,778,778,944,545,0,1489,2,0,3,1,7,240,1,7,2009,1940,0
824,232600,81.0,11216,1489,1489,1489,0,0,1489,2,0,3,1,7,776,2,6,2006,2006,0
826,109500,50.0,6130,784,0,784,0,0,784,1,0,2,1,5,0,0,5,2008,1924,0
827,189000,65.0,8529,1454,1434,1434,0,0,1434,2,0,3,1,6,527,2,4,2009,2001,0
829,147400,24.0,2544,600,600,520,623,80,1223,2,1,2,1,4,480,2,7,2006,2005,0
830,166000,80.0,11900,1392,352,1392,0,0,1392,1,1,3,1,6,458,2,6,2008,1957,0
831,151000,30.0,3180,600,600,520,600,80,1200,2,1,2,1,4,480,2,6,2006,2005,0
834,139950,75.0,7875,1144,572,1144,0,0,1144,1,0,3,1,6,456,2,9,2008,1961,0
835,128000,60.0,9600,1067,625,1067,0,0,1067,2,0,2,1,4,436,2,2,2010,1950,0
837,100000,21.0,1680,483,153,483,504,0,987,1,1,2,1,5,264,1,11,2008,1973,0
838,144000,75.0,9525,1099,1099,1099,0,0,1099,1,1,3,1,6,352,1,6,2008,1995,0
839,130500,70.0,11767,768,416,768,432,0,1200,1,0,3,1,6,240,1,5,2008,1946,0
840,140000,,12155,672,516,810,672,0,1482,2,0,4,1,7,400,1,3,2008,1925,0
842,174900,82.0,9020,1127,276,1165,0,0,1165,1,1,3,1,6,490,2,5,2008,1966,0
843,141000,80.0,8000,1800,1800,1800,0,0,1800,2,0,6,2,10,0,0,7,2007,1961,0
844,153900,100.0,12665,876,876,876,540,0,1416,1,1,4,1,7,720,3,6,2008,1915,0
846,213000,75.0,9317,740,227,1006,769,0,1775,2,1,3,1,7,425,2,7,2009,1993,0
847,133500,36.0,15523,864,404,864,0,0,864,1,0,3,1,5,338,1,8,2009,1972,0
848,240000,75.0,45600,907,907,1307,1051,0,2358,3,0,5,1,10,360,2,9,2008,1908,0
849,187000,80.0,9600,528,528,1094,761,0,1855,2,1,3,1,7,512,2,8,2007,1976,0
851,215000,,3196,1273,1273,1456,0,0,1456,2,0,2,1,7,400,2,5,2006,2003,0
852,164000,53.0,7128,918,554,918,728,0,1646,2,0,4,1,7,240,1,8,2007,1941,0
853,158000,,12095,1127,563,1445,0,0,1445,1,1,3,1,7,645,2,8,2009,1964,0
854,170000,102.0,17920,1763,372,1779,0,0,1779,1,1,3,1,6,454,2,7,2006,1955,0
855,127000,,6897,1040,381,1040,0,0,1040,1,1,3,1,6,260,1,4,2010,1962,0
857,174000,65.0,8125,702,702,702,779,0,1481,2,1,3,1,6,343,2,3,2009,1994,0
858,152000,80.0,10400,1090,1090,1370,0,0,1370,2,0,3,1,6,479,2,6,2009,1976,0
859,250000,,11029,1054,435,1512,1142,0,2654,2,1,4,1,9,619,2,8,2006,1968,0
860,189950,55.0,7642,912,912,912,514,0,1426,1,1,3,1,7,216,1,6,2007,1918,0
861,131500,75.0,11625,1039,198,1039,0,0,1039,1,1,3,1,6,504,2,4,2010,1965,0
862,152000,81.0,9672,1040,702,1097,0,0,1097,2,0,3,1,6,480,2,5,2010,1984,0
863,132500,70.0,7931,1148,0,1148,0,0,1148,1,0,3,1,6,672,1,7,2009,1959,0
864,250580,72.0,8640,1372,1372,1372,0,0,1372,2,0,3,1,6,529,2,5,2008,2007,0
866,248900,67.0,10656,1638,1638,1646,0,0,1646,2,0,3,1,6,870,3,11,2007,2006,0
867,129000,85.0,6970,1040,108,1120,0,0,1120,1,1,3,1,5,544,2,5,2007,1961,0
869,236000,80.0,9938,1050,300,1062,887,0,1949,2,1,3,1,8,574,2,6,2010,1993,0
872,116000,74.0,8892,105,105,910,0,0,910,1,0,3,1,5,414,2,10,2008,1953,0
874,66500,52.0,5720,676,676,676,455,0,1131,1,1,3,1,5,200,1,8,2009,1941,0
876,132250,94.0,25286,1064,431,1040,0,0,1040,1,0,3,1,5,648,2,1,2007,1963,0
877,350000,74.0,8834,1462,292,1462,762,0,2224,2,1,4,1,10,738,3,6,2009,2004,0
880,157000,60.0,7024,1090,110,1090,0,0,1090,1,1,2,1,5,450,2,6,2007,2005,0
881,187500,44.0,13758,1156,254,1187,530,0,1717,2,1,3,1,7,400,2,4,2007,1990,0
882,178000,,9636,808,808,808,785,0,1593,2,1,3,1,7,389,2,12,2009,1992,0
885,328900,50.0,5119,1698,460,1709,0,0,1709,2,0,2,1,5,506,2,1,2008,1999,0
888,268000,95.0,15865,2217,1043,2217,0,0,2217,2,0,4,1,8,621,2,10,2007,1970,0
889,149500,128.0,12160,1505,481,1505,0,0,1505,1,0,2,1,6,505,2,2,2009,1953,0
890,122900,60.0,8064,672,672,672,252,0,924,1,0,3,1,6,576,2,7,2007,1949,0
891,172500,70.0,11184,918,192,918,765,0,1683,2,1,3,1,7,440,2,7,2009,1978,0
892,154500,70.0,8414,1059,396,1068,0,0,1068,1,0,3,1,6,264,1,2,2006,1963,0
893,165000,,13284,1383,319,1383,0,0,1383,1,0,3,1,6,354,1,6,2008,1954,0
894,118858,64.0,7018,0,0,1535,0,0,1535,2,0,4,2,8,400,2,6,2009,1979,0
895,140000,71.0,7056,780,380,983,813,0,1796,1,1,4,1,8,483,2,10,2008,1963,0
896,106500,50.0,8765,951,666,951,0,0,951,1,0,2,1,6,327,1,4,2006,1936,0
897,142953,64.0,7018,0,0,1120,1120,0,2240,2,0,6,2,12,528,2,6,2009,1979,0
898,611657,100.0,12919,2330,142,2364,0,0,2364,2,1,2,1,11,820,3,3,2010,2009,0
899,135000,65.0,6993,912,447,1236,0,0,1236,1,0,3,1,6,288,1,6,2006,1961,0
900,110000,,7340,858,536,858,0,0,858,1,0,2,1,4,684,1,6,2007,1971,0
901,153000,64.0,8712,992,132,1306,0,0,1306,1,0,2,1,5,756,1,5,2009,1957,0
902,180000,63.0,7875,783,783,807,702,0,1509,2,1,3,1,8,393,2,7,2006,2003,0
904,125500,,6173,876,277,902,0,0,902,1,0,3,1,6,288,1,8,2007,1967,0
905,128000,80.0,9920,1056,412,1063,0,0,1063,1,0,3,1,6,280,1,2,2010,1954,0
907,250000,86.0,11500,1017,794,1020,1037,0,2057,1,1,3,1,6,180,1,6,2006,1936,0
908,131000,,8885,864,239,902,0,0,902,1,0,2,1,5,484,2,6,2006,1983,0
909,174000,149.0,12589,742,742,742,742,0,1484,2,1,3,1,8,390,2,6,2009,2005,0
911,143500,,9286,1268,1072,1268,0,0,1268,1,1,3,1,5,252,1,10,2009,1977,0
912,88000,51.0,6120,768,279,1015,0,0,1015,1,0,3,1,6,450,1,7,2006,1925,0
916,35311,50.0,9000,480,430,480,0,0,480,0,0,1,1,4,308,1,10,2006,1949,0
917,135000,,17140,1134,75,1229,0,0,1229,1,0,3,1,6,284,1,4,2009,1956,0
919,176500,87.0,11029,1184,245,1414,0,0,1414,1,0,3,1,6,601,2,5,2008,1958,0
923,193000,50.0,8012,1604,598,1617,0,0,1617,2,0,2,1,5,533,2,7,2008,1993,0
924,207500,79.0,10240,1686,0,1686,0,0,1686,2,0,3,1,7,612,2,5,2006,1980,0
925,175000,,15611,1126,266,1126,0,0,1126,2,0,3,1,6,540,2,3,2008,1977,0
926,285000,93.0,11999,1181,1181,1234,1140,0,2374,2,1,4,1,10,656,3,5,2007,2003,0
927,176000,,9900,832,280,1098,880,0,1978,2,1,4,1,9,486,2,4,2008,1968,0
928,236500,,11838,1753,1753,1788,0,0,1788,2,0,3,1,7,522,2,6,2009,2001,0
929,222000,,13006,964,964,993,1243,0,2236,2,1,4,1,8,642,2,11,2006,1997,0
930,201000,73.0,8925,1466,1450,1466,0,0,1466,2,0,3,1,7,610,3,7,2009,2007,0
931,117500,70.0,9100,925,121,925,0,0,925,1,0,2,1,5,429,1,7,2009,1965,0
932,320000,84.0,11670,1905,1905,1905,0,0,1905,2,0,3,1,8,788,3,3,2007,2006,0
934,242000,313.0,27650,585,160,2069,0,0,2069,2,0,4,1,9,505,2,11,2008,1960,0
935,79900,52.0,5825,600,600,747,0,0,747,1,0,1,1,5,528,2,6,2006,1926,0
937,253000,75.0,9675,1113,772,1113,858,0,1971,2,1,3,1,8,689,2,2,2009,2005,0
938,239799,73.0,8760,1391,927,1391,571,0,1962,2,1,3,1,7,868,3,8,2006,2006,0
939,244400,,24090,1032,1032,1207,1196,0,2403,2,0,4,1,10,349,1,6,2010,1940,0
940,150900,55.0,12640,1728,396,1728,0,0,1728,2,0,4,2,8,574,2,7,2006,1976,0
941,214000,,8755,992,220,1022,1038,0,2060,2,1,3,1,8,390,2,6,2009,1999,0
942,150000,42.0,7711,1440,0,1440,0,0,1440,2,0,4,2,8,0,0,8,2007,1977,0
943,143000,100.0,25000,1632,1632,1632,0,0,1632,2,0,4,2,8,576,2,6,2007,1967,0
944,137500,,14375,819,354,1344,0,0,1344,1,0,3,1,7,525,2,1,2009,1958,0
945,124900,98.0,8820,1088,0,1188,561,120,1869,1,0,2,1,7,456,2,9,2009,1890,0
946,143000,70.0,8163,1144,102,1144,0,0,1144,1,0,3,1,6,796,1,3,2006,1959,0
947,270000,85.0,14536,1616,316,1629,0,0,1629,2,0,3,1,9,808,3,11,2007,2002,0
949,197500,78.0,9360,1161,179,1381,0,0,1381,1,1,3,1,5,676,2,3,2010,1972,0
951,119900,60.0,7800,828,187,965,0,0,965,1,0,3,1,6,300,1,7,2006,1965,0
952,133900,60.0,7200,768,108,768,0,0,768,1,0,2,1,5,396,1,4,2009,1972,0
953,172000,,11075,784,29,1168,800,0,1968,2,1,4,1,7,530,2,9,2008,1969,0
954,127500,35.0,9400,945,0,980,0,0,980,2,0,4,0,4,0,0,10,2006,1975,0
955,145000,82.0,7136,979,495,979,979,0,1958,2,0,4,2,8,492,2,8,2007,1946,0
956,124000,24.0,1300,561,276,561,668,0,1229,1,1,2,1,5,462,2,5,2009,1980,0
957,132000,70.0,7420,1057,640,1057,0,0,1057,1,0,3,1,6,576,2,4,2007,1962,0
958,185000,65.0,8450,1337,638,1337,0,0,1337,2,0,3,1,6,531,2,10,2007,2003,0
960,116500,50.0,7207,858,162,858,0,0,858,1,0,2,1,4,0,0,2,2010,1958,0
961,272000,,12227,1330,434,1542,1330,0,2872,2,1,4,1,11,619,2,7,2008,1977,0
963,239000,122.0,11923,1800,1800,1800,0,0,1800,2,0,2,1,7,702,2,5,2009,2007,0
964,214900,80.0,11316,817,193,824,1070,0,1894,2,1,4,1,8,510,2,2,2010,2002,0
965,178900,65.0,10237,783,783,783,701,0,1484,2,1,3,1,8,393,2,7,2007,2005,0
966,160000,130.0,9600,728,300,976,332,0,1308,1,1,2,1,7,256,1,6,2009,1940,0
967,135000,,7390,1098,196,1098,0,0,1098,1,0,3,1,6,260,1,7,2008,1955,0
968,37900,50.0,5925,600,600,600,368,0,968,1,0,2,1,6,0,0,5,2009,1910,0
970,135000,60.0,10800,720,720,720,472,0,1192,1,1,4,1,6,0,0,12,2006,1949,0
971,173000,36.0,2268,764,197,764,862,0,1626,2,0,2,1,6,474,2,7,2009,2003,0
972,99500,55.0,7892,918,918,918,0,0,918,2,0,2,1,5,264,1,4,2010,1979,0
973,182000,95.0,11639,1428,1428,1428,0,0,1428,2,0,3,1,6,480,2,12,2008,2007,0
974,167500,60.0,11414,728,728,1136,883,0,2019,1,0,3,1,8,532,2,10,2009,1910,0
977,199900,35.0,4274,1241,135,1241,0,0,1241,1,1,1,1,4,569,2,11,2007,2006,0
978,110000,68.0,9450,894,342,894,0,0,894,1,0,3,1,5,400,2,5,2007,1954,0
979,139000,80.0,8816,1121,470,1121,0,0,1121,1,0,3,1,5,480,2,6,2009,1963,0
980,178400,,12122,944,77,999,0,0,999,1,0,3,1,6,588,2,7,2008,1961,0
981,336000,98.0,12203,1225,371,1276,1336,0,2612,2,1,4,1,8,676,3,7,2009,1998,0
983,255900,,11250,1128,1128,1149,1141,0,2290,2,1,4,1,9,779,2,5,2008,2002,0
984,126000,75.0,10125,0,0,1302,432,0,1734,2,0,4,2,8,539,2,8,2009,1977,0
985,125000,68.0,10880,1164,124,1164,0,0,1164,1,0,3,1,5,240,1,8,2008,1950,0
987,395192,83.0,10159,1930,284,1940,0,0,1940,2,1,3,1,8,606,3,4,2010,2009,0
988,195000,,12046,848,692,1118,912,0,2030,2,1,4,1,8,551,2,6,2007,1976,0
989,197000,65.0,8125,770,770,778,798,0,1576,2,1,3,1,6,614,2,8,2006,2006,0
990,348000,82.0,9452,1396,322,1407,985,0,2392,2,1,3,1,7,870,3,6,2006,1997,0
991,168000,121.0,17671,916,700,916,826,0,1742,1,1,4,1,8,424,2,11,2009,1882,0
992,187000,80.0,9760,822,169,1020,831,0,1851,2,1,3,1,7,440,2,7,2007,1964,0
993,173900,68.0,8846,750,750,750,750,0,1500,2,1,3,1,6,564,2,8,2006,2005,0
994,337500,96.0,12456,1700,528,1718,0,0,1718,2,0,3,1,7,786,3,7,2009,2006,0
995,121600,51.0,4712,747,363,774,456,0,1230,1,1,3,1,5,305,1,8,2006,1946,0
996,136500,,10659,1050,135,1050,0,0,1050,1,0,3,1,6,368,1,1,2006,1961,0
997,185000,,11717,1442,1442,1442,0,0,1442,2,0,2,1,6,615,2,2,2009,1970,0
998,91000,60.0,9786,1007,1007,1077,0,0,1077,1,0,3,1,6,210,1,5,2006,1922,0
999,206000,64.0,6762,1187,501,1208,0,0,1208,2,0,2,1,6,632,2,2,2010,2006,0
1000,82000,74.0,10206,0,0,944,0,0,944,1,0,2,1,4,528,2,7,2009,1952,0
1002,232000,75.0,11957,1574,1550,1574,0,0,1574,2,0,3,1,7,824,3,7,2008,2006,0
1003,136905,,11500,1680,1680,1680,0,0,1680,2,0,4,2,8,528,2,6,2007,1976,0
1004,181000,43.0,3182,1346,1330,1504,0,0,1504,2,0,1,1,7,457,2,5,2009,2005,0
1005,149900,65.0,8385,985,390,985,0,0,985,2,0,3,1,6,328,1,11,2008,1977,0
1009,102000,60.0,6000,1008,1008,1008,0,514,1522,2,0,4,1,7,0,0,6,2006,1926,0
1010,135000,115.0,21286,720,720,720,551,0,1271,2,0,4,1,7,312,1,8,2008,1948,0
1011,100000,75.0,9825,0,0,1664,0,0,1664,2,0,4,2,8,0,0,5,2010,1965,0
1012,165000,55.0,10592,602,602,900,602,0,1502,1,1,3,1,7,180,1,8,2007,1923,0
1013,85000,60.0,7200,1022,310,1022,0,0,1022,1,0,2,1,4,280,1,6,2009,1910,0
1015,227000,70.0,8400,810,167,810,855,0,1665,2,1,3,1,6,528,2,11,2009,2001,0
1016,203000,73.0,11883,1504,814,1504,0,0,1504,2,0,3,1,6,478,2,6,2009,1996,0
1017,187500,,5814,1220,184,1360,0,0,1360,1,0,1,1,4,565,2,8,2009,1984,0
1018,160000,,10784,384,384,802,670,0,1472,2,1,3,1,7,402,2,5,2007,1991,0
1019,213490,43.0,3013,1362,1346,1506,0,0,1506,2,0,2,1,6,440,2,4,2006,2005,0
1020,176000,60.0,7024,1132,108,1132,0,0,1132,1,1,2,1,5,451,2,6,2008,2005,0
1021,194000,64.0,7406,1199,515,1220,0,0,1220,2,0,2,1,6,632,2,7,2006,2006,0
1022,87000,52.0,9439,912,588,912,336,0,1248,1,0,2,1,6,160,1,3,2007,1930,0
1023,191000,43.0,3182,1346,1330,1504,0,0,1504,2,0,2,1,7,437,2,5,2008,2005,0
1024,287000,,15498,1565,0,2898,0,0,2898,2,0,2,1,10,665,2,5,2008,1976,0
1025,112500,70.0,7700,882,276,882,0,0,882,1,0,3,1,5,461,2,3,2007,1972,0
1026,167500,73.0,9300,1268,571,1264,0,0,1264,1,0,3,1,6,461,2,4,2010,1960,0
1027,293077,71.0,9520,1638,125,1646,0,0,1646,2,0,3,1,7,800,3,4,2008,2007,0
1028,105000,79.0,9492,768,359,968,408,0,1376,1,0,3,1,6,240,1,4,2007,1941,0
1029,118000,21.0,1680,672,355,672,546,0,1218,1,1,3,1,7,264,1,5,2006,1972,0
1030,160000,,7082,686,686,948,980,0,1928,2,0,5,2,10,0,0,7,2006,1916,0
1032,310000,,14541,1338,326,1352,1168,0,2520,2,1,5,1,10,796,3,11,2006,1993,0
1033,230000,,8125,1654,668,1654,0,0,1654,2,0,3,1,6,900,3,2,2006,2002,0
1035,84000,,11500,0,0,845,0,0,845,1,0,3,1,5,290,1,1,2009,1957,0
1036,315500,89.0,12898,1620,598,1620,0,0,1620,2,0,2,1,6,912,3,9,2009,2007,0
1037,287000,,9240,1055,1055,1055,1208,0,2263,2,1,3,1,7,905,2,9,2008,2001,0
1038,97000,21.0,1533,546,546,798,546,0,1344,1,1,3,1,6,0,0,5,2009,1970,0
1040,155000,88.0,13125,1134,284,1803,0,0,1803,2,0,3,1,8,484,2,1,2006,1957,0
1041,173000,,9130,800,336,800,832,0,1632,1,1,4,1,7,484,2,7,2008,1966,0
1042,196000,34.0,5381,1306,406,1306,0,0,1306,2,0,1,1,5,624,2,8,2009,2005,0
1043,262280,86.0,11839,1475,390,1532,797,0,2329,2,1,4,1,10,514,2,5,2008,1990,0
1044,278000,80.0,9600,2524,1420,2524,0,0,2524,2,1,4,1,9,542,2,7,2009,1981,0
1046,556581,85.0,16056,1992,1752,1992,876,0,2868,3,1,4,1,11,716,3,7,2006,2005,0
1049,84900,60.0,11100,0,0,930,0,0,930,1,0,2,1,6,308,1,4,2010,1946,0
1051,200141,103.0,11175,1316,1316,1316,0,0,1316,2,0,3,1,6,440,2,10,2007,2007,0
1052,165000,100.0,9500,816,374,1127,850,0,1977,1,1,4,1,9,540,2,6,2007,1964,0
1053,144500,68.0,8562,1216,833,1526,0,0,1526,1,0,4,1,7,364,1,5,2010,1957,0
1054,255000,90.0,11367,1065,133,1091,898,0,1989,2,1,3,1,7,586,2,11,2006,2002,0
1055,180000,104.0,11361,1193,549,1523,0,0,1523,2,0,3,1,7,478,2,5,2008,1976,0
1056,185850,43.0,7052,1364,705,1364,0,0,1364,2,0,2,1,6,484,2,6,2006,2005,0
1057,248000,,29959,973,378,979,871,0,1850,2,1,3,1,7,467,2,1,2009,1994,0
1058,335000,96.0,11308,1104,168,1130,1054,0,2184,2,1,3,1,10,836,3,7,2009,2008,0
1061,81000,120.0,18000,894,894,894,0,0,894,1,0,2,1,6,1248,3,8,2008,1935,0
1062,90000,85.0,13600,662,662,1422,915,0,2337,2,0,5,2,10,560,2,9,2007,1900,0
1063,110500,50.0,6000,1103,706,1103,0,0,1103,1,0,2,1,5,440,2,7,2006,1925,0
1064,154000,,11000,1154,184,1154,0,0,1154,1,1,3,1,6,480,2,11,2009,1966,0
1065,328000,80.0,14000,1306,105,1306,954,0,2260,2,1,3,1,7,533,2,4,2010,1996,0
1066,178000,59.0,7837,799,799,799,772,0,1571,2,1,3,1,7,380,2,5,2009,1993,0
1067,167900,80.0,9760,780,0,798,813,0,1611,1,1,4,1,7,442,2,6,2008,1964,0
1068,151400,42.0,3964,942,105,1291,1230,0,2521,2,1,5,1,10,576,2,6,2006,1973,0
1069,135000,60.0,9600,845,625,893,0,0,893,1,0,2,1,4,576,2,5,2007,1949,0
1071,154000,78.0,11700,727,429,829,727,0,1556,1,1,4,1,8,441,2,5,2009,1968,0
1072,91500,50.0,7585,810,810,1002,454,0,1456,1,0,4,1,7,280,1,8,2006,1948,0
1073,159500,75.0,7950,690,155,698,728,0,1426,1,1,3,1,6,440,2,7,2009,1977,0
1074,194000,74.0,8556,1240,1240,1240,0,0,1240,2,0,2,1,5,826,3,5,2007,2006,0
1075,219500,75.0,13125,800,390,960,780,0,1740,1,1,3,1,6,240,1,7,2007,1940,0
1076,170000,60.0,10800,796,170,1096,370,0,1466,2,0,3,1,7,566,2,4,2006,1936,0
1077,138800,,15870,1096,230,1096,0,0,1096,1,0,3,1,6,299,1,3,2006,1969,0
1078,155900,37.0,4435,848,186,848,0,0,848,1,0,1,1,3,420,2,5,2006,2004,0
1079,126000,65.0,8775,990,495,990,0,0,990,1,0,3,1,5,299,1,4,2007,1994,0
1081,133000,75.0,7500,1040,216,1040,0,0,1040,1,1,3,1,5,308,1,6,2010,1963,0
1082,192000,70.0,8749,1459,1459,1459,0,0,1459,2,0,3,1,6,527,2,9,2007,2002,0
1083,160000,80.0,8800,1251,698,1251,0,0,1251,1,0,3,1,6,461,1,3,2006,1964,0
1084,187500,,13031,691,99,691,807,0,1498,2,1,3,1,6,409,2,7,2006,1995,0
1085,147000,73.0,9069,936,189,996,0,0,996,1,0,2,1,5,564,2,4,2010,1992,0
1086,83500,,1974,546,212,546,546,0,1092,1,1,3,1,6,286,1,5,2010,1973,0
1087,252000,85.0,10574,1082,1082,1082,871,0,1953,2,1,3,1,9,1043,3,5,2009,2005,0
1089,197000,37.0,3316,1247,208,1247,0,0,1247,1,1,1,1,4,550,2,4,2006,2005,0
1090,92900,60.0,8544,0,0,1040,0,0,1040,2,0,2,2,6,400,2,6,2009,1950,0
1091,160000,24.0,2160,600,90,624,628,0,1252,2,1,2,1,4,462,2,3,2008,1999,0
1092,136500,60.0,8400,1181,758,1390,304,0,1694,2,0,4,1,7,576,2,6,2008,1925,0
1093,146000,71.0,9230,864,203,1200,0,0,1200,1,1,1,1,6,884,2,10,2006,1965,0
1094,129000,74.0,5868,936,448,936,0,0,936,1,0,2,1,4,308,1,5,2010,1956,0
1095,176432,78.0,9317,1314,1290,1314,0,0,1314,2,0,3,1,6,440,2,3,2007,2006,0
1096,127000,60.0,6882,684,684,773,582,0,1355,1,1,3,1,7,0,0,3,2007,1914,0
1098,128000,50.0,6000,672,0,757,567,0,1324,1,0,3,1,6,240,1,7,2009,1936,0
1100,60000,60.0,8400,290,0,438,0,0,438,1,0,1,1,3,246,1,1,2009,1920,0
1101,119500,61.0,9758,950,251,950,0,0,950,1,0,3,1,5,280,1,7,2007,1971,0
1102,135000,70.0,7000,1010,422,1134,0,0,1134,1,0,2,1,6,254,1,4,2007,1960,0
1103,159500,79.0,8910,655,0,1194,0,0,1194,1,0,3,1,6,539,2,7,2006,1959,0
1104,106000,24.0,2016,630,630,630,672,0,1302,2,1,3,1,6,440,2,4,2007,1970,0
1105,325000,98.0,12256,1463,431,1500,1122,0,2622,2,1,3,1,9,712,2,4,2010,1994,0
1106,179900,114.0,10357,910,172,1442,0,0,1442,2,0,3,1,6,719,2,5,2007,1990,0
1107,274725,168.0,23257,868,868,887,1134,0,2021,2,1,3,1,9,422,2,9,2006,2006,0
1108,181000,,8063,924,924,948,742,0,1690,2,1,3,1,7,463,2,11,2007,2000,0
1109,280000,107.0,11362,1836,797,1836,0,0,1836,2,0,3,1,7,862,3,3,2009,2004,0
1110,188000,,8000,773,554,773,885,0,1658,2,1,3,1,8,431,2,6,2008,1995,0
1111,205000,80.0,10480,803,400,1098,866,0,1964,2,1,4,1,8,483,2,9,2008,1976,0
1114,117000,90.0,5400,833,418,833,0,0,833,1,0,2,1,4,326,1,8,2006,1954,0
1115,318000,93.0,12085,1734,730,1734,0,0,1734,2,0,3,1,7,928,3,11,2007,2007,0
1116,184100,,7750,408,55,779,640,0,1419,2,1,3,1,7,527,2,3,2009,2002,0
1117,130000,57.0,9764,894,192,894,0,0,894,1,0,3,1,5,450,2,5,2008,1967,0
1118,140000,85.0,13825,533,533,1021,580,0,1601,1,0,3,1,6,300,1,12,2008,1958,0
1119,133700,70.0,7560,1040,671,1040,0,0,1040,1,0,3,1,6,286,1,7,2006,1959,0
1120,118400,59.0,8263,1012,1012,1012,0,0,1012,1,0,2,1,6,308,1,5,2007,1920,0
1121,212900,84.0,10084,1552,1528,1552,0,0,1552,2,0,3,1,7,782,3,7,2006,2005,0
1122,112000,,8926,672,672,960,0,0,960,1,0,3,1,5,288,1,10,2009,1956,0
1127,259000,182.0,14572,1530,230,1530,0,0,1530,2,0,3,1,7,630,3,11,2007,2004,0
1128,215000,59.0,11796,847,847,847,1112,0,1959,2,1,4,1,8,434,2,7,2007,2004,0
1130,135000,65.0,7804,1122,500,1328,653,0,1981,2,0,4,1,7,576,2,12,2009,1928,0
1131,93500,63.0,10712,974,762,974,0,0,974,1,0,3,1,5,0,0,9,2007,1991,0
1133,239500,80.0,9828,1128,544,1142,878,0,2020,2,1,3,1,8,466,2,6,2009,1995,0
1134,169000,57.0,8773,916,916,916,684,0,1600,2,1,3,1,7,460,2,8,2007,1997,0
1135,102000,60.0,6180,960,960,986,0,0,986,1,0,2,1,5,180,1,5,2007,1926,0
1136,119000,80.0,9600,1032,752,1032,220,0,1252,1,0,3,1,6,288,1,4,2008,1950,0
1137,94000,54.0,6342,780,780,780,240,0,1020,1,0,2,1,6,0,0,5,2010,1875,0
1139,144000,98.0,8731,915,270,1167,0,0,1167,1,0,3,1,6,495,2,5,2007,1920,0
1141,197500,,10304,780,399,1088,780,0,1868,2,1,4,1,9,484,2,10,2009,1976,0
1142,424870,77.0,9965,1466,316,1466,1362,0,2828,3,0,4,1,11,1052,3,4,2007,2006,0
1143,80000,,9000,1006,718,1006,0,0,1006,1,0,3,1,5,0,0,7,2008,1959,0
1144,80000,60.0,12180,672,324,672,252,0,924,1,0,2,1,5,280,1,7,2010,1941,0
1145,149000,52.0,6240,1042,1042,1042,534,0,1576,1,0,3,1,8,225,1,8,2006,1928,0
1147,174500,75.0,12000,704,429,860,704,0,1564,1,1,3,1,7,234,1,7,2009,1941,0
1148,116900,,5700,572,572,572,539,0,1111,1,0,2,1,5,288,1,8,2008,1926,0
1149,143000,50.0,9000,650,26,832,650,0,1482,1,0,3,1,7,324,2,7,2009,1920,0
1150,124000,57.0,8280,932,932,932,0,0,932,1,0,2,1,4,306,1,11,2007,1950,0
1151,149900,134.0,17755,1466,1290,1466,0,0,1466,1,1,3,1,6,528,2,11,2006,1959,0
1152,230000,90.0,14115,1073,230,1811,0,0,1811,1,0,2,1,6,470,2,7,2006,1956,0
1154,201800,,13700,864,410,902,918,0,1820,1,2,4,1,8,492,2,5,2008,1965,0
1155,218000,90.0,10768,1437,280,1437,0,0,1437,2,0,3,1,6,528,2,7,2007,1976,0
1157,230000,34.0,5001,1314,410,1314,0,0,1314,2,0,2,1,6,626,2,7,2009,2007,0
1158,235128,92.0,11932,1580,1580,1580,0,0,1580,2,0,3,1,7,830,3,6,2008,2007,0
1159,185000,76.0,9120,901,459,943,933,0,1876,2,1,4,1,8,540,2,7,2008,1974,0
1160,146000,24.0,2280,855,544,855,601,0,1456,2,1,3,1,7,440,2,7,2010,1978,0
1161,224000,,14778,1296,568,1640,0,0,1640,1,0,3,1,7,924,2,11,2008,1954,0
1162,129000,109.0,8724,894,402,894,0,0,894,1,0,3,1,5,450,2,5,2007,1968,0
1163,108959,60.0,12900,1198,0,1258,0,0,1258,0,2,0,2,6,400,2,1,2008,1969,0
1165,233170,79.0,9541,1502,1502,1502,0,0,1502,2,0,3,1,7,644,2,9,2009,2009,0
1167,173000,58.0,10852,959,173,959,712,0,1671,2,1,3,1,7,472,2,2,2006,2000,0
1168,235000,120.0,13728,1127,501,1236,872,0,2108,2,0,4,1,7,540,2,7,2008,1935,0
1169,625000,118.0,35760,1930,543,1831,1796,0,3627,3,1,4,1,10,807,3,7,2006,1995,0
1170,171000,76.0,9880,1096,574,1118,0,0,1118,1,0,3,1,6,358,1,7,2008,1977,576
1171,163000,76.0,9120,1261,599,1261,0,0,1261,1,0,3,1,6,433,2,11,2008,1958,0
1174,239000,80.0,16560,952,449,1170,1175,0,2345,2,1,4,1,9,360,2,7,2006,1932,0
1175,285000,85.0,10678,1683,983,2129,743,0,2872,2,1,4,1,9,541,2,4,2007,1992,0
1176,119500,37.0,6951,876,218,923,0,0,923,1,0,3,1,5,264,1,10,2008,1984,0
1178,154900,54.0,7681,731,731,820,523,0,1343,1,1,3,1,7,186,1,7,2009,1921,0
1180,250000,,11170,1216,0,1298,1216,0,2514,2,1,4,1,8,693,2,4,2006,1990,0
1183,120000,60.0,10800,1120,299,1130,0,0,1130,1,0,2,1,5,720,2,6,2006,1920,0
1184,186700,50.0,35133,1572,413,1572,0,0,1572,1,1,3,1,5,995,3,5,2007,1963,0
1185,104900,60.0,9738,784,392,949,272,0,1221,1,0,4,1,7,392,1,3,2006,1924,0
1186,95000,107.0,10615,978,538,1014,685,0,1699,2,0,3,2,7,420,2,8,2009,1900,0
1187,262000,89.0,12461,1624,168,1624,0,0,1624,2,0,2,1,5,757,3,7,2006,1994,0
1188,195000,68.0,8935,831,831,831,829,0,1660,2,1,3,1,7,493,2,7,2009,2002,0
1189,189000,60.0,7500,994,994,1028,776,0,1804,2,1,3,1,7,442,2,6,2010,1999,0
1190,168000,,32463,1249,90,1622,0,0,1622,1,0,3,1,7,1356,4,3,2007,1961,0
1191,174000,24.0,2645,776,776,764,677,0,1441,2,1,2,1,5,492,2,11,2007,1999,0
1192,125000,60.0,9600,702,702,842,630,0,1472,1,0,3,1,6,250,1,7,2007,1925,0
1193,165000,,4500,1224,341,1224,0,0,1224,2,0,2,1,5,402,2,6,2009,1999,0
1194,158000,80.0,9364,663,292,663,689,0,1352,1,1,4,1,7,299,1,3,2010,1969,0
1196,219210,58.0,14054,879,879,879,984,0,1863,2,1,4,1,9,660,3,11,2006,2006,0
1197,144000,65.0,8850,815,815,815,875,0,1690,1,0,3,1,7,225,1,7,2006,1916,0
1198,178000,70.0,9100,1212,1212,1212,0,0,1212,2,0,3,1,6,573,2,6,2009,2001,0
1200,116050,71.0,9353,864,864,864,0,0,864,1,0,3,1,5,280,1,7,2006,1970,0
1201,197900,80.0,10400,866,866,866,913,0,1779,2,1,3,1,6,546,2,3,2009,1998,0
1203,213000,75.0,9750,1630,1630,1630,0,0,1630,2,0,3,1,6,451,2,10,2009,2000,0
1204,153500,78.0,10140,1056,268,1074,0,0,1074,1,1,3,1,6,495,2,7,2006,1975,0
1205,271900,90.0,14684,2158,1496,2196,0,0,2196,2,0,3,1,7,701,3,6,2009,1990,0
1206,107000,,8900,1056,0,1056,0,0,1056,1,0,2,1,5,384,1,11,2006,1966,0
1209,290000,85.0,10182,1660,440,1660,0,0,1660,2,0,3,1,8,500,2,5,2006,2006,0
1210,189000,70.0,11218,1055,1055,1055,790,0,1845,2,1,3,1,8,462,2,5,2010,1992,0
1211,164000,152.0,12134,559,132,1080,672,0,1752,2,0,4,1,8,492,2,6,2010,1988,0
1212,113000,50.0,9340,672,328,672,0,0,672,1,0,2,1,4,234,1,8,2009,1941,0
1215,125000,99.0,7094,894,340,894,0,0,894,1,0,3,1,5,384,1,5,2007,1966,0
1216,112000,68.0,8930,0,0,1318,584,0,1902,2,0,4,2,8,539,2,4,2010,1978,0
1217,229456,72.0,8640,1300,364,1314,0,0,1314,2,0,3,1,6,552,2,9,2009,2009,0
1220,115000,66.0,7800,912,0,912,0,0,912,1,0,2,1,5,288,1,11,2006,1964,0
1221,134000,55.0,8250,952,210,1211,0,0,1211,1,0,3,1,5,322,1,8,2008,1968,0
1223,137900,89.0,10680,2136,1380,2136,0,0,2136,2,0,4,1,7,528,2,10,2006,1951,0
1224,184000,60.0,15384,788,64,788,702,0,1490,2,1,3,1,8,388,2,2,2008,2004,0
1225,145000,65.0,10482,588,81,1138,0,0,1138,1,0,3,1,6,264,1,6,2007,1958,0
1226,214000,86.0,14598,894,894,894,1039,0,1933,2,1,4,1,9,668,3,1,2008,2007,0
1227,147000,72.0,8872,912,317,912,0,0,912,1,0,2,1,5,576,2,12,2008,1965,0
1228,367294,65.0,8769,1702,162,1702,0,0,1702,1,1,1,1,7,1052,3,10,2008,2008,0
1229,127000,70.0,7910,1075,409,1507,0,0,1507,2,0,4,1,7,404,1,8,2008,1960,0
1230,190000,,18890,1361,652,1361,1259,0,2620,2,2,4,2,12,600,2,8,2007,1977,0
1233,142000,,12160,1188,188,1188,0,0,1188,1,0,3,1,6,531,2,5,2010,1959,0
1234,130000,55.0,8525,940,940,1024,940,0,1964,1,1,4,1,7,0,0,11,2008,1911,0
1235,138887,96.0,13132,747,747,892,892,0,1784,1,1,4,1,9,180,1,7,2006,1914,0
1236,175500,36.0,2628,764,764,764,862,0,1626,2,1,2,1,6,474,2,6,2010,2003,0
1238,142500,63.0,13072,1141,1141,1141,0,0,1141,1,1,3,1,6,484,2,3,2006,2005,0
1239,265900,64.0,9037,1476,1048,1484,0,0,1484,2,0,2,1,6,472,2,12,2007,2006,0
1241,248328,83.0,9849,1689,1689,1689,0,0,1689,2,0,3,1,7,954,3,6,2007,2007,0
1242,170000,85.0,10625,1053,0,1173,0,0,1173,2,0,3,1,6,528,2,1,2010,1974,0
1243,465000,107.0,13891,2076,690,2076,0,0,2076,2,1,2,1,7,850,3,9,2006,2006,0
1244,230000,,11435,792,792,792,725,0,1517,1,0,3,1,7,400,2,6,2006,1929,0
1247,169900,,12328,1012,473,1034,0,0,1034,1,0,3,1,6,888,3,5,2010,1976,0
1248,129500,60.0,9600,735,416,1134,924,0,2058,1,1,3,1,8,396,2,4,2008,1917,0
1250,244000,93.0,11160,2110,1045,2110,0,0,2110,2,1,3,1,8,522,2,4,2010,1968,0
1251,171750,,3136,1405,1405,1405,0,0,1405,2,0,2,1,6,478,2,3,2006,2003,0
1252,130000,62.0,9858,864,354,874,0,0,874,1,0,3,1,5,288,1,11,2009,1968,0
1253,294000,,17542,1192,36,1516,651,0,2167,2,1,3,1,9,518,2,7,2007,1974,0
1254,165400,60.0,6931,746,746,760,896,0,1656,2,1,3,1,7,397,2,7,2008,2003,0
1255,127500,52.0,6240,884,459,959,408,0,1367,1,0,3,1,6,560,1,11,2007,1931,0
1257,99900,56.0,4060,864,864,864,0,0,864,1,0,2,1,4,0,0,7,2009,1922,0
1258,190000,59.0,9587,856,201,1166,0,0,1166,2,0,2,1,5,400,2,7,2008,2005,0
1259,151000,65.0,9750,1054,14,1054,0,0,1054,1,1,3,1,6,460,2,7,2008,1969,0
1260,181000,,24682,841,841,892,783,0,1675,2,1,3,1,7,502,2,6,2009,1999,0
1262,161500,,11250,1104,1104,1104,684,0,1788,1,0,5,1,8,304,1,11,2009,1957,0
1263,180500,60.0,13515,764,764,1060,764,0,1824,1,0,3,1,8,520,2,7,2007,1919,0
1265,183900,35.0,3735,691,241,713,739,0,1452,2,1,3,1,6,506,2,3,2006,1999,0
1267,378500,89.0,13214,2002,2002,2018,0,0,2018,2,0,3,1,10,746,3,5,2010,2008,0
1268,381000,,14100,728,536,1968,1479,0,3447,3,1,4,1,11,1014,3,5,2008,1935,0
1270,260000,,23595,1332,74,1332,192,0,1524,0,1,0,1,4,586,2,4,2010,1979,0
1271,185750,,9156,1489,1489,1489,0,0,1489,2,0,3,1,7,462,2,8,2009,1968,0
1272,137000,,13526,935,0,935,0,0,935,1,0,3,1,5,288,1,11,2006,1965,0
1273,177000,124.0,11512,1019,300,1357,0,0,1357,1,0,2,1,5,312,1,5,2008,1959,0
1274,139000,53.0,5362,661,661,661,589,0,1250,2,0,3,1,8,552,2,11,2007,1910,0
1276,162000,,12936,723,130,735,660,0,1395,1,1,3,1,6,497,2,12,2009,1972,0
1277,197900,,17871,1680,1152,1724,0,0,1724,1,1,3,1,7,480,2,6,2009,1967,0
1278,237000,75.0,9473,1128,324,1128,903,0,2031,2,1,3,1,7,577,2,3,2008,2002,0
1280,227000,67.0,9808,1573,785,1573,0,0,1573,2,0,3,1,6,544,2,3,2009,2002,0
1282,150500,61.0,8800,1040,364,1040,0,0,1040,2,0,3,1,5,484,2,9,2009,1977,0
1283,139000,94.0,9400,912,912,912,912,0,1824,2,2,4,2,8,0,0,4,2010,1971,0
1284,169000,50.0,9638,804,804,1699,748,0,2447,2,0,4,1,10,336,1,3,2010,1919,0
1285,132500,50.0,6000,780,780,825,587,0,1412,1,0,4,1,6,280,1,5,2009,1939,0
1286,143000,,9790,1328,678,1328,0,0,1328,1,1,3,1,6,528,2,6,2010,1963,0
1287,190000,,36500,1624,812,1582,0,0,1582,2,0,4,1,7,390,2,6,2006,1964,0
1288,278000,40.0,5664,1501,343,1659,0,0,1659,2,0,2,1,5,499,2,10,2009,2000,0
1289,281000,86.0,11065,1085,1085,1120,850,0,1970,2,1,3,1,8,753,3,10,2006,2006,0
1290,180500,,14112,1152,138,1152,0,0,1152,1,0,3,1,6,484,2,4,2010,1964,0
1292,107500,60.0,6600,994,994,1378,994,0,2372,2,0,4,2,11,432,1,12,2009,1892,0
1293,162900,78.0,10140,832,638,832,832,0,1664,2,1,4,1,8,528,2,3,2006,1976,0
1294,115000,60.0,8172,864,697,864,0,0,864,1,0,2,1,5,572,2,4,2006,1955,0
1299,154000,75.0,7500,1246,0,1246,0,0,1246,1,1,3,1,6,305,1,5,2010,1959,0
1300,225000,,10762,978,284,1005,978,0,1983,2,1,3,1,9,490,2,5,2009,1999,0
1301,177500,,7500,771,224,753,741,0,1494,1,0,3,1,7,213,1,11,2009,1942,0
1302,290000,92.0,10120,1165,425,1203,1323,0,2526,2,1,4,1,8,844,3,12,2006,1994,0
1303,232000,73.0,8688,1616,1616,1616,0,0,1616,2,0,3,1,7,834,3,4,2006,2005,0
1304,130000,32.0,3363,976,976,976,732,0,1708,2,0,3,1,7,380,2,4,2006,2004,0
1305,325000,108.0,13173,1652,80,1652,0,0,1652,2,0,2,1,6,840,2,11,2009,2006,0
1308,147000,100.0,12000,924,172,1122,0,0,1122,1,0,2,1,6,528,2,5,2008,1948,0
1310,335000,100.0,17500,1902,496,1902,0,0,1902,2,0,3,1,7,567,2,5,2010,1959,0
1311,203000,68.0,8814,1274,349,1274,0,0,1274,2,0,3,1,6,508,2,1,2007,2005,0
1312,302000,,9572,1453,971,1453,1357,0,2810,2,1,4,1,9,750,2,6,2007,1990,0
1313,333168,108.0,14774,1393,1393,1422,1177,0,2599,2,1,4,1,10,779,3,5,2010,1999,0
1315,206900,85.0,11075,952,176,1092,1020,0,2112,2,1,4,1,9,576,2,6,2008,1969,0
1316,295493,61.0,10226,1622,1622,1630,0,0,1630,2,0,3,1,8,860,3,1,2009,2008,0
1317,208900,47.0,4230,1352,1352,1352,0,0,1352,2,0,2,1,5,466,2,4,2007,2006,0
1319,111000,75.0,10215,864,372,948,0,0,948,1,0,3,1,5,248,1,2,2007,1954,0
1320,156500,70.0,8400,1478,628,1478,0,0,1478,1,1,3,1,6,442,2,6,2009,1957,0
1321,72500,,6627,0,0,720,0,0,720,1,0,2,1,4,287,1,7,2008,1949,0
1323,82500,50.0,5330,420,140,708,0,0,708,1,0,2,1,5,0,0,12,2009,1940,0
1325,55000,40.0,3636,796,796,796,0,0,796,1,0,2,1,5,0,0,1,2008,1922,0
1326,79000,70.0,4270,544,0,774,0,0,774,1,0,3,1,6,0,0,5,2007,1931,0
1327,130500,60.0,6600,816,175,816,0,0,816,1,0,3,1,5,264,1,10,2008,1982,0
1328,256000,60.0,10440,1510,1017,1584,1208,0,2792,2,0,5,1,8,520,2,6,2008,1920,0
1330,227000,85.0,10000,1588,1588,1588,0,0,1588,2,0,3,1,7,825,3,12,2007,2006,0
1331,132500,55.0,10780,911,428,954,0,0,954,1,0,3,1,6,576,2,7,2006,1976,0
1332,100000,67.0,8877,816,126,816,0,0,816,1,0,2,1,3,288,1,5,2009,1938,0
1333,125500,60.0,7200,803,803,803,557,0,1360,1,1,2,1,6,297,1,7,2006,1938,0
1334,125000,24.0,2368,765,0,765,600,0,1365,1,1,3,1,7,440,2,5,2009,1970,0
1336,135000,87.0,9246,1656,1656,1656,0,0,1656,2,0,4,2,8,506,2,11,2008,1973,0
1337,52500,153.0,4118,693,693,693,0,0,693,1,0,2,1,4,0,0,3,2006,1941,0
1338,200000,95.0,13450,916,216,920,941,0,1861,2,1,3,1,8,492,2,6,2006,2002,0
1339,128500,120.0,9560,864,504,864,0,0,864,1,0,3,1,5,288,1,6,2006,1972,0
1340,123000,70.0,8294,858,858,872,0,0,872,1,0,3,1,5,480,4,6,2007,1971,0
1341,155000,66.0,13695,1114,300,1114,0,0,1114,1,0,3,1,6,576,2,7,2008,2003,0
1343,177000,57.0,7558,896,896,1172,741,0,1913,1,1,3,1,9,342,2,3,2009,1928,0
1344,155835,85.0,11103,728,728,728,728,0,1456,2,1,3,1,8,440,2,7,2007,2006,0
1345,108500,50.0,6000,960,710,960,0,0,960,1,0,2,1,5,308,1,7,2007,1920,0
1346,262500,,20781,1568,1203,2156,0,0,2156,2,0,3,1,9,508,2,6,2006,1968,0
1347,283463,93.0,15306,1732,1652,1776,0,0,1776,2,0,3,1,7,712,3,5,2007,2006,0
1348,215000,,16196,1482,39,1494,0,0,1494,2,0,3,1,5,514,2,8,2007,1998,0
1349,122000,50.0,5250,684,425,938,1215,205,2358,2,0,4,1,8,0,0,12,2008,1872,0
1350,200000,91.0,11643,1248,748,1338,1296,0,2634,2,2,6,2,12,968,4,8,2009,1969,0
1351,171000,70.0,9247,858,539,858,858,0,1716,1,1,4,1,8,490,2,3,2008,1962,0
1352,134900,50.0,6000,698,698,786,390,0,1176,1,0,2,1,4,624,2,7,2009,1937,0
1354,235000,,10316,992,257,992,873,0,1865,2,1,3,1,7,839,3,6,2008,2000,0
1355,170000,102.0,10192,570,570,1222,698,0,1920,3,0,4,1,8,487,2,9,2006,1968,0
1356,110000,,9477,864,524,892,0,0,892,1,0,3,1,5,264,1,10,2008,1966,0
1358,177500,,2117,756,378,769,804,0,1573,2,1,3,1,5,440,2,6,2010,2000,0
1359,315000,129.0,16737,1980,533,1980,0,0,1980,2,0,3,1,8,770,3,9,2006,2004,0
1360,189000,51.0,9842,612,612,990,1611,0,2601,3,1,4,1,8,621,2,5,2008,1921,0
1361,260000,124.0,16158,1530,256,1530,0,0,1530,2,0,3,1,7,430,2,6,2009,2005,0
1362,104900,,12513,715,715,1281,457,0,1738,2,0,4,1,7,368,1,6,2009,1920,0
1364,144152,30.0,3180,600,600,520,600,80,1200,2,1,2,1,4,480,2,4,2006,2005,0
1366,193000,68.0,9179,873,240,882,908,0,1790,2,1,3,1,7,588,2,6,2008,1999,0
1368,144000,,4435,848,163,848,0,0,848,1,0,1,1,4,420,2,6,2009,2003,0
1369,232000,48.0,10635,1657,315,1668,0,0,1668,2,0,3,1,8,502,2,5,2010,2003,0
1370,105000,90.0,5400,840,420,840,534,0,1374,1,0,2,1,6,338,1,10,2009,1920,0
1371,165500,80.0,9600,992,161,1661,0,0,1661,1,0,3,1,8,377,1,10,2008,1955,0
1372,274300,75.0,9750,1108,133,1108,989,0,2097,2,1,3,1,8,583,2,6,2006,1998,0
1374,250000,85.0,10625,1026,1026,1026,932,0,1958,2,1,3,1,9,936,3,7,2008,2005,0
1375,239000,89.0,10991,1571,1571,1571,0,0,1571,2,0,3,1,7,722,3,12,2007,2007,0
1378,83000,21.0,1953,483,174,483,504,0,987,1,1,2,1,5,264,1,6,2006,1973,0
1381,237500,,12925,1205,340,2117,0,0,2117,2,1,4,1,7,550,2,5,2008,1970,0
1382,157000,60.0,7200,596,596,998,764,0,1762,1,1,4,1,8,576,2,10,2006,1920,0
1385,125500,40.0,5436,796,61,796,358,0,1154,1,0,3,1,7,240,1,5,2010,1922,0
1386,250000,80.0,16692,1392,133,1392,1392,0,2784,3,1,5,1,12,564,2,7,2006,1978,519
1390,235000,70.0,9100,1525,125,1525,0,0,1525,2,0,3,1,6,541,2,9,2006,2000,0
1391,124000,65.0,8944,1584,1584,1584,0,0,1584,2,0,4,2,8,792,3,4,2009,1967,0
1392,123000,68.0,7838,864,95,900,0,0,900,1,0,3,1,6,288,1,12,2006,1967,0
1393,163000,60.0,10800,482,482,1221,691,0,1912,2,0,3,2,7,672,2,4,2008,1905,0
1396,160000,,57200,747,60,1687,0,0,1687,1,0,3,1,7,572,2,6,2010,1948,0
1397,137500,51.0,6120,939,939,939,574,0,1513,1,1,4,1,8,180,1,5,2007,1920,0
1398,138000,60.0,7200,1208,676,1136,768,0,1904,1,1,3,1,7,240,1,5,2009,1950,0
1399,137450,51.0,6171,976,712,1160,448,0,1608,2,1,3,1,7,216,1,10,2009,1925,0
1400,120000,50.0,6000,862,862,950,208,0,1158,1,0,3,1,5,208,1,7,2008,1929,0
1401,193000,62.0,7415,839,80,864,729,0,1593,2,1,3,1,8,398,2,4,2008,2004,0
1406,133000,70.0,8445,768,112,768,0,0,768,1,0,2,1,5,396,2,3,2009,1972,0
1407,112000,,8780,833,208,833,0,0,833,1,0,3,1,5,0,0,3,2009,1985,0
1408,125500,60.0,7740,622,622,741,622,0,1363,1,0,3,1,6,528,2,6,2010,1910,0
1411,140000,80.0,9600,856,736,1112,556,0,1668,1,1,3,1,6,271,1,9,2009,1950,0
1412,90000,60.0,7200,0,0,1040,0,0,1040,2,0,2,2,6,420,2,6,2009,1949,0
1413,257000,88.0,10994,1844,868,1844,0,0,1844,2,0,2,1,7,620,2,9,2009,2005,0
1414,207000,64.0,13053,833,833,1053,795,0,1848,1,1,4,1,8,370,2,6,2008,1923,0
1416,122500,60.0,11340,777,777,1246,1044,0,2290,2,0,4,2,11,560,2,4,2010,1885,0
1417,340000,,16545,1284,503,1310,1140,0,2450,2,1,3,1,7,1069,3,5,2009,1998,0
1419,223000,,16381,1844,734,1844,0,0,1844,2,0,3,1,7,540,2,12,2006,1969,0
1420,179900,90.0,11700,708,304,708,708,0,1416,2,1,3,1,7,776,2,5,2006,1968,0
1421,127500,53.0,4043,1069,709,1069,0,0,1069,2,0,2,1,4,440,2,7,2010,1977,0
1422,136500,37.0,4435,848,162,848,0,0,848,1,0,1,1,3,420,2,3,2008,2003,0
1423,274970,,19690,697,697,1575,626,0,2201,2,0,4,1,8,432,2,8,2006,1966,738
1424,144000,,9503,1024,193,1344,0,0,1344,1,0,2,1,6,484,1,6,2007,1958,0
1425,142000,80.0,10721,1252,1252,1252,0,0,1252,1,0,3,1,7,528,2,10,2008,1959,0
1426,271000,81.0,10944,1223,223,1223,904,0,2127,2,1,3,1,5,525,2,8,2008,1994,0
1427,140000,60.0,10930,913,333,1048,510,0,1558,1,1,3,1,6,288,1,4,2008,1945,0
1428,119000,60.0,7200,788,278,804,0,0,804,1,0,2,1,4,240,1,2,2010,1940,0
1433,186500,93.0,10261,936,936,962,830,0,1792,2,1,3,1,8,451,2,5,2008,2000,0
1434,160000,80.0,17400,1126,190,1126,0,0,1126,2,0,3,1,5,484,2,5,2006,1977,0
1436,120500,60.0,9000,864,248,864,0,0,864,1,0,3,1,5,528,2,5,2007,1971,0
1437,394617,96.0,12444,1932,596,1932,0,0,1932,2,0,2,1,7,774,3,11,2008,2008,0
1438,149700,90.0,7407,912,312,1236,0,0,1236,1,0,2,1,6,923,2,4,2010,1957,0
1441,149300,,4426,848,151,848,0,0,848,1,0,1,1,3,420,2,5,2008,2004,0
1442,310000,85.0,11003,1017,252,1026,981,0,2007,2,1,3,1,10,812,3,4,2009,2008,0
1443,121000,,8854,952,952,952,0,0,952,1,0,2,1,4,192,1,5,2009,1916,0
1444,179600,63.0,8500,1422,1422,1422,0,0,1422,2,0,3,1,7,626,2,11,2007,2004,0
1445,129000,70.0,8400,814,0,913,0,0,913,1,0,3,1,6,240,1,5,2007,1966,0
1446,157900,,26142,1188,595,1188,0,0,1188,1,0,3,1,6,312,1,4,2010,1962,0
1447,240000,80.0,10000,1220,141,1220,870,0,2090,2,1,3,1,8,556,2,12,2007,1995,0
1448,112000,70.0,11767,560,560,796,550,0,1346,1,1,2,1,6,384,1,5,2007,1910,0
1450,136000,60.0,9000,896,896,896,896,0,1792,2,2,4,2,8,0,0,9,2009,1974,0
1451,287090,78.0,9262,1573,1573,1578,0,0,1578,2,0,3,1,7,840,3,5,2009,2008,0
1452,145000,35.0,3675,547,0,1072,0,0,1072,1,0,2,1,5,525,2,5,2006,2005,0
1453,84500,90.0,17217,1140,1140,1140,0,0,1140,1,0,3,1,6,0,0,7,2006,2006,0
1454,185000,62.0,7500,1221,811,1221,0,0,1221,2,0,2,1,6,400,2,10,2009,2004,0
1455,175000,62.0,7917,953,953,953,694,0,1647,2,1,3,1,7,460,2,8,2007,1999,0
1456,210000,85.0,13175,1542,589,2073,0,0,2073,2,0,3,1,7,500,2,2,2010,1978,0
1457,266500,66.0,9042,1152,877,1188,1152,0,2340,2,0,4,1,9,252,1,5,2010,1941,0
1459,147500,75.0,9937,1256,136,1256,0,0,1256,1,1,3,1,6,276,1,6,2008,1965,0
